2026-07-28 00:56:29.822 [background-preinit] [SYSTEM] INFO  o.h.validator.internal.util.Version - HV000001: Hibernate Validator 8.0.2.Final
2026-07-28 00:56:29.838 [main] [SYSTEM] INFO  com.bankflow.BankflowApplication - Starting BankflowApplication using Java 21.0.12 with PID 2600 (/Users/chaitanyamahajan/Documents/Codex/2026-07-26/my/outputs/BankFlow/backend/target/classes started by chaitanyamahajan in /Users/chaitanyamahajan/Documents/Codex/2026-07-26/my/outputs/BankFlow)
2026-07-28 00:56:29.838 [main] [SYSTEM] DEBUG com.bankflow.BankflowApplication - Running with Spring Boot v3.4.7, Spring v6.2.8
2026-07-28 00:56:29.838 [main] [SYSTEM] INFO  com.bankflow.BankflowApplication - No active profile set, falling back to 1 default profile: "default"
2026-07-28 00:56:30.094 [main] [SYSTEM] INFO  o.s.d.r.c.RepositoryConfigurationDelegate - Bootstrapping Spring Data JPA repositories in DEFAULT mode.
2026-07-28 00:56:30.118 [main] [SYSTEM] INFO  o.s.d.r.c.RepositoryConfigurationDelegate - Finished Spring Data repository scanning in 21 ms. Found 8 JPA repository interfaces.
2026-07-28 00:56:30.292 [main] [SYSTEM] INFO  o.s.b.w.e.tomcat.TomcatWebServer - Tomcat initialized with port 8080 (http)
2026-07-28 00:56:30.296 [main] [SYSTEM] INFO  o.a.coyote.http11.Http11NioProtocol - Initializing ProtocolHandler ["http-nio-8080"]
2026-07-28 00:56:30.297 [main] [SYSTEM] INFO  o.a.catalina.core.StandardService - Starting service [Tomcat]
2026-07-28 00:56:30.297 [main] [SYSTEM] INFO  o.a.catalina.core.StandardEngine - Starting Servlet engine: [Apache Tomcat/10.1.42]
2026-07-28 00:56:30.315 [main] [SYSTEM] INFO  o.a.c.c.C.[Tomcat].[localhost].[/] - Initializing Spring embedded WebApplicationContext
2026-07-28 00:56:30.315 [main] [SYSTEM] INFO  o.s.b.w.s.c.ServletWebServerApplicationContext - Root WebApplicationContext: initialization completed in 465 ms
2026-07-28 00:56:30.361 [main] [SYSTEM] INFO  o.h.jpa.internal.util.LogHelper - HHH000204: Processing PersistenceUnitInfo [name: default]
2026-07-28 00:56:30.383 [main] [SYSTEM] INFO  org.hibernate.Version - HHH000412: Hibernate ORM core version 6.6.18.Final
2026-07-28 00:56:30.394 [main] [SYSTEM] INFO  o.h.c.i.RegionFactoryInitiator - HHH000026: Second-level cache disabled
2026-07-28 00:56:30.472 [main] [SYSTEM] INFO  com.zaxxer.hikari.HikariDataSource - HikariPool-1 - Starting...
2026-07-28 00:56:30.512 [main] [SYSTEM] INFO  com.zaxxer.hikari.pool.HikariPool - HikariPool-1 - Added connection org.postgresql.jdbc.PgConnection@43756cb
2026-07-28 00:56:30.513 [main] [SYSTEM] INFO  com.zaxxer.hikari.HikariDataSource - HikariPool-1 - Start completed.
2026-07-28 00:56:30.552 [main] [SYSTEM] INFO  o.hibernate.orm.connections.pooling - HHH10001005: Database info:
	Database JDBC URL [Connecting through datasource 'HikariDataSource (HikariPool-1)']
	Database driver: undefined/unknown
	Database version: 16.14
	Autocommit mode: undefined/unknown
	Isolation level: undefined/unknown
	Minimum pool size: undefined/unknown
	Maximum pool size: undefined/unknown
2026-07-28 00:56:30.867 [main] [SYSTEM] INFO  o.h.e.t.j.p.i.JtaPlatformInitiator - HHH000489: No JTA platform available (set 'hibernate.transaction.jta.platform' to enable JTA platform integration)
2026-07-28 00:56:31.228 [main] [SYSTEM] DEBUG c.b.filter.JwtAuthenticationFilter - Filter 'jwtAuthenticationFilter' configured for use
2026-07-28 00:56:31.228 [main] [SYSTEM] DEBUG com.bankflow.filter.LoggingFilter - Filter 'loggingFilter' configured for use
2026-07-28 00:56:31.256 [main] [SYSTEM] INFO  o.s.d.j.r.query.QueryEnhancerFactory - Hibernate is in classpath; If applicable, HQL parser will be used.
2026-07-28 00:56:31.623 [main] [SYSTEM] WARN  o.s.b.a.o.j.JpaBaseConfiguration$JpaWebConfiguration - spring.jpa.open-in-view is enabled by default. Therefore, database queries may be performed during view rendering. Explicitly configure spring.jpa.open-in-view to disable this warning
2026-07-28 00:56:31.863 [main] [SYSTEM] INFO  o.a.coyote.http11.Http11NioProtocol - Starting ProtocolHandler ["http-nio-8080"]
2026-07-28 00:56:31.869 [main] [SYSTEM] INFO  o.s.b.w.e.tomcat.TomcatWebServer - Tomcat started on port 8080 (http) with context path '/'
2026-07-28 00:56:31.872 [main] [SYSTEM] INFO  com.bankflow.BankflowApplication - Started BankflowApplication in 2.21 seconds (process running for 2.333)
2026-07-28 00:56:41.058 [http-nio-8080-exec-1] [SYSTEM] INFO  o.a.c.c.C.[Tomcat].[localhost].[/] - Initializing Spring DispatcherServlet 'dispatcherServlet'
2026-07-28 00:56:41.058 [http-nio-8080-exec-1] [SYSTEM] INFO  o.s.web.servlet.DispatcherServlet - Initializing Servlet 'dispatcherServlet'
2026-07-28 00:56:41.059 [http-nio-8080-exec-1] [SYSTEM] INFO  o.s.web.servlet.DispatcherServlet - Completed initialization in 1 ms
2026-07-28 00:56:41.109 [http-nio-8080-exec-1] [SYSTEM] WARN  com.bankflow.service.JwtService - JWT parsing error: Token is expired
2026-07-28 00:56:41.109 [http-nio-8080-exec-1] [SYSTEM] WARN  c.b.filter.JwtAuthenticationFilter - JWT extraction failed for request [/api/v1/transactions/dashboard/BF9231590130]: JWT expired 22195109 milliseconds ago at 2026-07-27T13:16:46.000Z. Current time: 2026-07-27T19:26:41.109Z. Allowed clock skew: 0 milliseconds.
2026-07-28 00:57:10.493 [http-nio-8080-exec-2] [SYSTEM] WARN  com.bankflow.service.JwtService - JWT parsing error: Token is expired
2026-07-28 00:57:10.493 [http-nio-8080-exec-2] [SYSTEM] WARN  c.b.filter.JwtAuthenticationFilter - JWT extraction failed for request [/api/v1/transactions/filter/BF5891164768]: JWT expired 22224493 milliseconds ago at 2026-07-27T13:16:46.000Z. Current time: 2026-07-27T19:27:10.493Z. Allowed clock skew: 0 milliseconds.
2026-07-28 00:59:18.284 [http-nio-8080-exec-5] [SYSTEM] WARN  com.bankflow.service.JwtService - JWT parsing error: Token is expired
2026-07-28 00:59:18.285 [http-nio-8080-exec-5] [SYSTEM] WARN  c.b.filter.JwtAuthenticationFilter - JWT extraction failed for request [/api/v1/dashboard/summary]: JWT expired 21845284 milliseconds ago at 2026-07-27T13:25:13.000Z. Current time: 2026-07-27T19:29:18.284Z. Allowed clock skew: 0 milliseconds.
2026-07-28 00:59:40.011 [http-nio-8080-exec-6] [80dbc5f0] INFO  com.bankflow.filter.LoggingFilter - HTTP Request Started: [/api/v1/auth/login] via [POST]
2026-07-28 00:59:40.073 [http-nio-8080-exec-6] [80dbc5f0] INFO  com.bankflow.service.UserService - Attempting authentication for email [ghtaerpg@gmail.com]
2026-07-28 00:59:40.148 [http-nio-8080-exec-6] [80dbc5f0] INFO  com.bankflow.service.JwtService - Generating JWT token for user [ghtaerpg@gmail.com] with role [CUSTOMER]
2026-07-28 00:59:40.154 [http-nio-8080-exec-6] [80dbc5f0] DEBUG com.bankflow.service.JwtService - JWT token generated successfully for user [ghtaerpg@gmail.com]
2026-07-28 00:59:40.154 [http-nio-8080-exec-6] [80dbc5f0] INFO  com.bankflow.service.UserService - User [ghtaerpg@gmail.com] authenticated successfully with role [CUSTOMER]
2026-07-28 00:59:40.163 [http-nio-8080-exec-6] [80dbc5f0] INFO  com.bankflow.filter.LoggingFilter - HTTP Response Completed: [POST /api/v1/auth/login] Status [200] in [152 ms]
2026-07-28 00:59:50.041 [http-nio-8080-exec-7] [SYSTEM] DEBUG c.b.filter.JwtAuthenticationFilter - Authenticating request for user [ghtaerpg@gmail.com] at URI [/api/v1/dashboard/summary]
2026-07-28 00:59:50.047 [http-nio-8080-exec-7] [SYSTEM] DEBUG c.b.filter.JwtAuthenticationFilter - SecurityContext successfully populated with authority [ROLE_CUSTOMER] for user [ghtaerpg@gmail.com]
2026-07-28 00:59:50.047 [http-nio-8080-exec-7] [2c0a10ac] INFO  com.bankflow.filter.LoggingFilter - HTTP Request Started: [/api/v1/dashboard/summary] via [GET]
2026-07-28 00:59:50.052 [http-nio-8080-exec-7] [2c0a10ac] INFO  c.bankflow.service.DashboardService - Fetching aggregated dashboard summary for user [ghtaerpg@gmail.com]
2026-07-28 00:59:50.103 [http-nio-8080-exec-7] [2c0a10ac] INFO  com.bankflow.filter.LoggingFilter - HTTP Response Completed: [GET /api/v1/dashboard/summary] Status [200] in [56 ms]
2026-07-28 00:59:50.578 [http-nio-8080-exec-8] [e4a58523] INFO  com.bankflow.filter.LoggingFilter - HTTP Request Started: [/v3/api-docs?_=1785180590572] via [GET]
2026-07-28 00:59:50.746 [http-nio-8080-exec-8] [e4a58523] INFO  o.s.api.AbstractOpenApiResource - Init duration for springdoc-openapi is: 155 ms
2026-07-28 00:59:50.752 [http-nio-8080-exec-8] [e4a58523] INFO  com.bankflow.filter.LoggingFilter - HTTP Response Completed: [GET /v3/api-docs] Status [200] in [174 ms]
2026-07-28 01:00:44.484 [http-nio-8080-exec-1] [SYSTEM] DEBUG c.b.filter.JwtAuthenticationFilter - Authenticating request for user [ghtaerpg@gmail.com] at URI [/api/v1/dashboard/analytics/monthly]
2026-07-28 01:00:44.489 [http-nio-8080-exec-1] [SYSTEM] DEBUG c.b.filter.JwtAuthenticationFilter - SecurityContext successfully populated with authority [ROLE_CUSTOMER] for user [ghtaerpg@gmail.com]
2026-07-28 01:00:44.490 [http-nio-8080-exec-1] [e67cb238] INFO  com.bankflow.filter.LoggingFilter - HTTP Request Started: [/api/v1/dashboard/analytics/monthly] via [GET]
2026-07-28 01:00:44.515 [http-nio-8080-exec-1] [e67cb238] INFO  com.bankflow.filter.LoggingFilter - HTTP Response Completed: [GET /api/v1/dashboard/analytics/monthly] Status [200] in [25 ms]
2026-07-28 01:01:16.416 [http-nio-8080-exec-4] [SYSTEM] DEBUG c.b.filter.JwtAuthenticationFilter - Authenticating request for user [ghtaerpg@gmail.com] at URI [/api/v1/dashboard/transactions]
2026-07-28 01:01:16.420 [http-nio-8080-exec-4] [SYSTEM] DEBUG c.b.filter.JwtAuthenticationFilter - SecurityContext successfully populated with authority [ROLE_CUSTOMER] for user [ghtaerpg@gmail.com]
2026-07-28 01:01:16.421 [http-nio-8080-exec-4] [bff190ac] INFO  com.bankflow.filter.LoggingFilter - HTTP Request Started: [/api/v1/dashboard/transactions] via [GET]
2026-07-28 01:01:16.433 [http-nio-8080-exec-4] [bff190ac] WARN  o.s.d.w.c.SpringDataJacksonConfiguration$PageModule$WarningLoggingModifier - Serializing PageImpl instances as-is is not supported, meaning that there is no guarantee about the stability of the resulting JSON structure!
	For a stable JSON structure, please use Spring Data's PagedModel (globally via @EnableSpringDataWebSupport(pageSerializationMode = VIA_DTO))
	or Spring HATEOAS and Spring Data's PagedResourcesAssembler as documented in https://docs.spring.io/spring-data/commons/reference/repositories/core-extensions.html#core.web.pageables.

2026-07-28 01:01:16.438 [http-nio-8080-exec-4] [bff190ac] INFO  com.bankflow.filter.LoggingFilter - HTTP Response Completed: [GET /api/v1/dashboard/transactions] Status [200] in [17 ms]
2026-07-28 01:01:42.909 [http-nio-8080-exec-5] [SYSTEM] DEBUG c.b.filter.JwtAuthenticationFilter - Authenticating request for user [ghtaerpg@gmail.com] at URI [/api/v1/dashboard/transactions]
2026-07-28 01:01:42.913 [http-nio-8080-exec-5] [SYSTEM] DEBUG c.b.filter.JwtAuthenticationFilter - SecurityContext successfully populated with authority [ROLE_CUSTOMER] for user [ghtaerpg@gmail.com]
2026-07-28 01:01:42.914 [http-nio-8080-exec-5] [662692de] INFO  com.bankflow.filter.LoggingFilter - HTTP Request Started: [/api/v1/dashboard/transactions?page=0&size=5] via [GET]
2026-07-28 01:01:42.926 [http-nio-8080-exec-5] [662692de] INFO  com.bankflow.filter.LoggingFilter - HTTP Response Completed: [GET /api/v1/dashboard/transactions] Status [200] in [12 ms]
2026-07-28 01:02:12.552 [http-nio-8080-exec-7] [SYSTEM] DEBUG c.b.filter.JwtAuthenticationFilter - Authenticating request for user [ghtaerpg@gmail.com] at URI [/api/v1/transactions/dashboard/BF9231590130]
2026-07-28 01:02:12.558 [http-nio-8080-exec-7] [SYSTEM] DEBUG c.b.filter.JwtAuthenticationFilter - SecurityContext successfully populated with authority [ROLE_CUSTOMER] for user [ghtaerpg@gmail.com]
2026-07-28 01:02:12.558 [http-nio-8080-exec-7] [2d2fcf50] INFO  com.bankflow.filter.LoggingFilter - HTTP Request Started: [/api/v1/transactions/dashboard/BF9231590130] via [GET]
2026-07-28 01:02:12.560 [http-nio-8080-exec-7] [2d2fcf50] DEBUG c.b.service.TransactionService - Generating dashboard summary for account [BF9231590130]
2026-07-28 01:02:12.570 [http-nio-8080-exec-7] [2d2fcf50] INFO  c.b.service.TransactionService - Dashboard summary generated for account [BF9231590130]. Balance: [Rs. 60000.00], Recent Tx Count: [0]
2026-07-28 01:02:12.573 [http-nio-8080-exec-7] [2d2fcf50] INFO  com.bankflow.filter.LoggingFilter - HTTP Response Completed: [GET /api/v1/transactions/dashboard/BF9231590130] Status [200] in [15 ms]
2026-07-28 01:02:23.538 [http-nio-8080-exec-9] [SYSTEM] DEBUG c.b.filter.JwtAuthenticationFilter - Authenticating request for user [ghtaerpg@gmail.com] at URI [/api/v1/transactions/filter/BF5891164768]
2026-07-28 01:02:23.542 [http-nio-8080-exec-9] [SYSTEM] DEBUG c.b.filter.JwtAuthenticationFilter - SecurityContext successfully populated with authority [ROLE_CUSTOMER] for user [ghtaerpg@gmail.com]
2026-07-28 01:02:23.542 [http-nio-8080-exec-9] [fda01a8e] INFO  com.bankflow.filter.LoggingFilter - HTTP Request Started: [/api/v1/transactions/filter/BF5891164768?startDate=2025-01-01&endDate=2026-07-26] via [GET]
2026-07-28 01:02:23.545 [http-nio-8080-exec-9] [fda01a8e] DEBUG c.b.service.TransactionService - Fetching transactions for account [BF5891164768] between [2025-01-01] and [2026-07-26]
2026-07-28 01:02:23.552 [http-nio-8080-exec-9] [fda01a8e] INFO  c.b.service.TransactionService - Retrieved [9] transactions for account [BF5891164768] in specified date range
2026-07-28 01:02:23.555 [http-nio-8080-exec-9] [fda01a8e] INFO  com.bankflow.filter.LoggingFilter - HTTP Response Completed: [GET /api/v1/transactions/filter/BF5891164768] Status [200] in [13 ms]
2026-07-28 01:02:33.297 [http-nio-8080-exec-10] [a4aff6b6] INFO  com.bankflow.filter.LoggingFilter - HTTP Request Started: [/api/v1/auth/login] via [POST]
2026-07-28 01:02:33.304 [http-nio-8080-exec-10] [a4aff6b6] INFO  com.bankflow.service.UserService - Attempting authentication for email [sysadmin@gmail.com]
2026-07-28 01:02:33.403 [http-nio-8080-exec-10] [a4aff6b6] INFO  com.bankflow.service.JwtService - Generating JWT token for user [sysadmin@gmail.com] with role [ADMIN]
2026-07-28 01:02:33.403 [http-nio-8080-exec-10] [a4aff6b6] DEBUG com.bankflow.service.JwtService - JWT token generated successfully for user [sysadmin@gmail.com]
2026-07-28 01:02:33.403 [http-nio-8080-exec-10] [a4aff6b6] INFO  com.bankflow.service.UserService - User [sysadmin@gmail.com] authenticated successfully with role [ADMIN]
2026-07-28 01:02:33.404 [http-nio-8080-exec-10] [a4aff6b6] INFO  com.bankflow.filter.LoggingFilter - HTTP Response Completed: [POST /api/v1/auth/login] Status [200] in [107 ms]
2026-07-28 01:02:46.236 [http-nio-8080-exec-2] [SYSTEM] DEBUG c.b.filter.JwtAuthenticationFilter - Authenticating request for user [sysadmin@gmail.com] at URI [/api/v1/transactions/admin/search/BF5891164768]
2026-07-28 01:02:46.240 [http-nio-8080-exec-2] [SYSTEM] DEBUG c.b.filter.JwtAuthenticationFilter - SecurityContext successfully populated with authority [ROLE_ADMIN] for user [sysadmin@gmail.com]
2026-07-28 01:02:46.240 [http-nio-8080-exec-2] [b5112c0d] INFO  com.bankflow.filter.LoggingFilter - HTTP Request Started: [/api/v1/transactions/admin/search/BF5891164768] via [GET]
2026-07-28 01:02:46.248 [http-nio-8080-exec-2] [b5112c0d] INFO  c.b.service.TransactionService - ADMIN action: User [sysadmin@gmail.com] requesting full transaction history for account [BF5891164768]
2026-07-28 01:02:46.260 [http-nio-8080-exec-2] [b5112c0d] INFO  c.b.service.TransactionService - ADMIN lookup completed. Retried [9] transactions for account [BF5891164768]
2026-07-28 01:02:46.261 [http-nio-8080-exec-2] [b5112c0d] INFO  com.bankflow.filter.LoggingFilter - HTTP Response Completed: [GET /api/v1/transactions/admin/search/BF5891164768] Status [200] in [21 ms]
2026-07-28 01:05:09.955 [http-nio-8080-exec-7] [b69a3a7c] INFO  com.bankflow.filter.LoggingFilter - HTTP Request Started: [/swagger-ui] via [GET]
2026-07-28 01:05:09.966 [http-nio-8080-exec-7] [b69a3a7c] INFO  com.bankflow.filter.LoggingFilter - HTTP Response Completed: [GET /swagger-ui] Status [302] in [11 ms]
2026-07-28 01:05:09.973 [http-nio-8080-exec-8] [21336611] INFO  com.bankflow.filter.LoggingFilter - HTTP Request Started: [/swagger-ui/index.html] via [GET]
2026-07-28 01:05:09.975 [http-nio-8080-exec-8] [21336611] INFO  com.bankflow.filter.LoggingFilter - HTTP Response Completed: [GET /swagger-ui/index.html] Status [200] in [2 ms]
2026-07-28 01:05:10.254 [http-nio-8080-exec-9] [ec92221f] INFO  com.bankflow.filter.LoggingFilter - HTTP Request Started: [/swagger-ui/swagger-ui.css] via [GET]
2026-07-28 01:05:10.257 [http-nio-8080-exec-10] [1aa918ef] INFO  com.bankflow.filter.LoggingFilter - HTTP Request Started: [/swagger-ui/index.css] via [GET]
2026-07-28 01:05:10.258 [http-nio-8080-exec-2] [d5277d1e] INFO  com.bankflow.filter.LoggingFilter - HTTP Request Started: [/swagger-ui/swagger-initializer.js] via [GET]
2026-07-28 01:05:10.258 [http-nio-8080-exec-3] [f396efad] INFO  com.bankflow.filter.LoggingFilter - HTTP Request Started: [/swagger-ui/swagger-ui-bundle.js] via [GET]
2026-07-28 01:05:10.259 [http-nio-8080-exec-10] [1aa918ef] INFO  com.bankflow.filter.LoggingFilter - HTTP Response Completed: [GET /swagger-ui/index.css] Status [200] in [2 ms]
2026-07-28 01:05:10.259 [http-nio-8080-exec-1] [87445b6c] INFO  com.bankflow.filter.LoggingFilter - HTTP Request Started: [/swagger-ui/swagger-ui-standalone-preset.js] via [GET]
2026-07-28 01:05:10.260 [http-nio-8080-exec-9] [ec92221f] INFO  com.bankflow.filter.LoggingFilter - HTTP Response Completed: [GET /swagger-ui/swagger-ui.css] Status [200] in [6 ms]
2026-07-28 01:05:10.263 [http-nio-8080-exec-1] [87445b6c] INFO  com.bankflow.filter.LoggingFilter - HTTP Response Completed: [GET /swagger-ui/swagger-ui-standalone-preset.js] Status [200] in [4 ms]
2026-07-28 01:05:10.263 [http-nio-8080-exec-2] [d5277d1e] INFO  com.bankflow.filter.LoggingFilter - HTTP Response Completed: [GET /swagger-ui/swagger-initializer.js] Status [200] in [5 ms]
2026-07-28 01:05:10.267 [http-nio-8080-exec-3] [f396efad] INFO  com.bankflow.filter.LoggingFilter - HTTP Response Completed: [GET /swagger-ui/swagger-ui-bundle.js] Status [200] in [9 ms]
2026-07-28 01:05:10.347 [http-nio-8080-exec-4] [2a1c2b1d] INFO  com.bankflow.filter.LoggingFilter - HTTP Request Started: [/v3/api-docs/swagger-config] via [GET]
2026-07-28 01:05:10.349 [http-nio-8080-exec-4] [2a1c2b1d] INFO  com.bankflow.filter.LoggingFilter - HTTP Response Completed: [GET /v3/api-docs/swagger-config] Status [200] in [2 ms]
2026-07-28 01:05:10.352 [http-nio-8080-exec-5] [71bc8dbc] INFO  com.bankflow.filter.LoggingFilter - HTTP Request Started: [/swagger-ui/favicon-32x32.png] via [GET]
2026-07-28 01:05:10.352 [http-nio-8080-exec-6] [d98891e0] INFO  com.bankflow.filter.LoggingFilter - HTTP Request Started: [/swagger-ui/favicon-16x16.png] via [GET]
2026-07-28 01:05:10.354 [http-nio-8080-exec-6] [d98891e0] INFO  com.bankflow.filter.LoggingFilter - HTTP Response Completed: [GET /swagger-ui/favicon-16x16.png] Status [200] in [2 ms]
2026-07-28 01:05:10.354 [http-nio-8080-exec-5] [71bc8dbc] INFO  com.bankflow.filter.LoggingFilter - HTTP Response Completed: [GET /swagger-ui/favicon-32x32.png] Status [200] in [2 ms]
2026-07-28 01:05:10.355 [http-nio-8080-exec-7] [0fd6c950] INFO  com.bankflow.filter.LoggingFilter - HTTP Request Started: [/v3/api-docs] via [GET]
2026-07-28 01:05:10.363 [http-nio-8080-exec-7] [0fd6c950] INFO  com.bankflow.filter.LoggingFilter - HTTP Response Completed: [GET /v3/api-docs] Status [200] in [8 ms]
2026-07-28 01:08:22.563 [http-nio-8080-exec-3] [1f3bb419] INFO  com.bankflow.filter.LoggingFilter - HTTP Request Started: [/swagger-ui/index.html] via [GET]
2026-07-28 01:08:22.565 [http-nio-8080-exec-3] [1f3bb419] INFO  com.bankflow.filter.LoggingFilter - HTTP Response Completed: [GET /swagger-ui/index.html] Status [200] in [2 ms]
2026-07-28 01:08:22.574 [http-nio-8080-exec-5] [976a7a0f] INFO  com.bankflow.filter.LoggingFilter - HTTP Request Started: [/swagger-ui/favicon-32x32.png] via [GET]
2026-07-28 01:08:22.576 [http-nio-8080-exec-5] [976a7a0f] INFO  com.bankflow.filter.LoggingFilter - HTTP Response Completed: [GET /swagger-ui/favicon-32x32.png] Status [200] in [2 ms]
2026-07-28 01:08:22.632 [http-nio-8080-exec-7] [e0fab5f4] INFO  com.bankflow.filter.LoggingFilter - HTTP Request Started: [/swagger-ui/index.html] via [GET]
2026-07-28 01:08:22.635 [http-nio-8080-exec-7] [e0fab5f4] INFO  com.bankflow.filter.LoggingFilter - HTTP Response Completed: [GET /swagger-ui/index.html] Status [200] in [3 ms]
2026-07-28 01:08:22.650 [http-nio-8080-exec-9] [c357c529] INFO  com.bankflow.filter.LoggingFilter - HTTP Request Started: [/swagger-ui/favicon-32x32.png] via [GET]
2026-07-28 01:08:22.652 [http-nio-8080-exec-9] [c357c529] INFO  com.bankflow.filter.LoggingFilter - HTTP Response Completed: [GET /swagger-ui/favicon-32x32.png] Status [200] in [2 ms]
2026-07-28 01:09:50.579 [http-nio-8080-exec-3] [a5e5d12d] INFO  com.bankflow.filter.LoggingFilter - HTTP Request Started: [/v3/api-docs?_=1785181190572] via [GET]
2026-07-28 01:09:50.591 [http-nio-8080-exec-3] [a5e5d12d] INFO  com.bankflow.filter.LoggingFilter - HTTP Response Completed: [GET /v3/api-docs] Status [200] in [12 ms]
2026-07-28 01:19:50.588 [http-nio-8080-exec-6] [d4c2c0f3] INFO  com.bankflow.filter.LoggingFilter - HTTP Request Started: [/v3/api-docs?_=1785181790580] via [GET]
2026-07-28 01:19:50.602 [http-nio-8080-exec-6] [d4c2c0f3] INFO  com.bankflow.filter.LoggingFilter - HTTP Response Completed: [GET /v3/api-docs] Status [200] in [15 ms]
2026-07-28 01:29:50.585 [http-nio-8080-exec-7] [34c3f5ee] INFO  com.bankflow.filter.LoggingFilter - HTTP Request Started: [/v3/api-docs?_=1785182390579] via [GET]
2026-07-28 01:29:50.594 [http-nio-8080-exec-7] [34c3f5ee] INFO  com.bankflow.filter.LoggingFilter - HTTP Response Completed: [GET /v3/api-docs] Status [200] in [9 ms]
2026-07-28 01:39:50.594 [http-nio-8080-exec-10] [4b4bc4ba] INFO  com.bankflow.filter.LoggingFilter - HTTP Request Started: [/v3/api-docs?_=1785182990586] via [GET]
2026-07-28 01:39:50.604 [http-nio-8080-exec-10] [4b4bc4ba] INFO  com.bankflow.filter.LoggingFilter - HTTP Response Completed: [GET /v3/api-docs] Status [200] in [10 ms]
2026-07-28 01:49:50.586 [http-nio-8080-exec-2] [7a547885] INFO  com.bankflow.filter.LoggingFilter - HTTP Request Started: [/v3/api-docs?_=1785183590581] via [GET]
2026-07-28 01:49:50.594 [http-nio-8080-exec-2] [7a547885] INFO  com.bankflow.filter.LoggingFilter - HTTP Response Completed: [GET /v3/api-docs] Status [200] in [8 ms]
2026-07-28 01:54:55.298 [http-nio-8080-exec-1] [SYSTEM] DEBUG c.b.filter.JwtAuthenticationFilter - Authenticating request for user [ghtaerpg@gmail.com] at URI [/api/v1/dashboard/summary]
2026-07-28 01:54:55.303 [http-nio-8080-exec-1] [SYSTEM] DEBUG c.b.filter.JwtAuthenticationFilter - SecurityContext successfully populated with authority [ROLE_CUSTOMER] for user [ghtaerpg@gmail.com]
2026-07-28 01:54:55.303 [http-nio-8080-exec-1] [e4beab12] INFO  com.bankflow.filter.LoggingFilter - HTTP Request Started: [/api/v1/dashboard/summary] via [GET]
2026-07-28 01:54:55.306 [http-nio-8080-exec-1] [e4beab12] INFO  c.bankflow.service.DashboardService - Fetching aggregated dashboard summary for user [ghtaerpg@gmail.com]
2026-07-28 01:54:55.337 [http-nio-8080-exec-1] [e4beab12] INFO  com.bankflow.filter.LoggingFilter - HTTP Response Completed: [GET /api/v1/dashboard/summary] Status [200] in [34 ms]
2026-07-28 01:54:55.848 [http-nio-8080-exec-2] [SYSTEM] DEBUG c.b.filter.JwtAuthenticationFilter - Authenticating request for user [ghtaerpg@gmail.com] at URI [/api/v1/dashboard/summary]
2026-07-28 01:54:55.852 [http-nio-8080-exec-2] [SYSTEM] DEBUG c.b.filter.JwtAuthenticationFilter - SecurityContext successfully populated with authority [ROLE_CUSTOMER] for user [ghtaerpg@gmail.com]
2026-07-28 01:54:55.853 [http-nio-8080-exec-2] [22443086] INFO  com.bankflow.filter.LoggingFilter - HTTP Request Started: [/api/v1/dashboard/summary] via [GET]
2026-07-28 01:54:55.855 [http-nio-8080-exec-2] [22443086] INFO  c.bankflow.service.DashboardService - Fetching aggregated dashboard summary for user [ghtaerpg@gmail.com]
2026-07-28 01:54:55.868 [http-nio-8080-exec-2] [22443086] INFO  com.bankflow.filter.LoggingFilter - HTTP Response Completed: [GET /api/v1/dashboard/summary] Status [200] in [15 ms]
2026-07-28 01:54:56.030 [http-nio-8080-exec-4] [SYSTEM] DEBUG c.b.filter.JwtAuthenticationFilter - Authenticating request for user [ghtaerpg@gmail.com] at URI [/api/v1/dashboard/summary]
2026-07-28 01:54:56.034 [http-nio-8080-exec-4] [SYSTEM] DEBUG c.b.filter.JwtAuthenticationFilter - SecurityContext successfully populated with authority [ROLE_CUSTOMER] for user [ghtaerpg@gmail.com]
2026-07-28 01:54:56.034 [http-nio-8080-exec-4] [7f2e2d9a] INFO  com.bankflow.filter.LoggingFilter - HTTP Request Started: [/api/v1/dashboard/summary] via [GET]
2026-07-28 01:54:56.037 [http-nio-8080-exec-4] [7f2e2d9a] INFO  c.bankflow.service.DashboardService - Fetching aggregated dashboard summary for user [ghtaerpg@gmail.com]
2026-07-28 01:54:56.047 [http-nio-8080-exec-4] [7f2e2d9a] INFO  com.bankflow.filter.LoggingFilter - HTTP Response Completed: [GET /api/v1/dashboard/summary] Status [200] in [13 ms]
2026-07-28 01:59:50.585 [http-nio-8080-exec-3] [7e85a94b] INFO  com.bankflow.filter.LoggingFilter - HTTP Request Started: [/v3/api-docs?_=1785184190580] via [GET]
2026-07-28 01:59:50.592 [http-nio-8080-exec-3] [7e85a94b] INFO  com.bankflow.filter.LoggingFilter - HTTP Response Completed: [GET /v3/api-docs] Status [200] in [7 ms]
2026-07-28 02:08:46.433 [http-nio-8080-exec-2] [SYSTEM] DEBUG c.b.filter.JwtAuthenticationFilter - Authenticating request for user [ghtaerpg@gmail.com] at URI [/api/v1/dashboard/summary]
2026-07-28 02:08:46.440 [http-nio-8080-exec-2] [SYSTEM] DEBUG c.b.filter.JwtAuthenticationFilter - SecurityContext successfully populated with authority [ROLE_CUSTOMER] for user [ghtaerpg@gmail.com]
2026-07-28 02:08:46.440 [http-nio-8080-exec-2] [3e309ae9] INFO  com.bankflow.filter.LoggingFilter - HTTP Request Started: [/api/v1/dashboard/summary] via [GET]
2026-07-28 02:08:46.443 [http-nio-8080-exec-2] [3e309ae9] INFO  c.bankflow.service.DashboardService - Fetching aggregated dashboard summary for user [ghtaerpg@gmail.com]
2026-07-28 02:08:46.462 [http-nio-8080-exec-2] [3e309ae9] INFO  com.bankflow.filter.LoggingFilter - HTTP Response Completed: [GET /api/v1/dashboard/summary] Status [200] in [22 ms]
2026-07-28 02:08:46.702 [http-nio-8080-exec-1] [SYSTEM] DEBUG c.b.filter.JwtAuthenticationFilter - Authenticating request for user [ghtaerpg@gmail.com] at URI [/api/v1/dashboard/summary]
2026-07-28 02:08:46.705 [http-nio-8080-exec-1] [SYSTEM] DEBUG c.b.filter.JwtAuthenticationFilter - SecurityContext successfully populated with authority [ROLE_CUSTOMER] for user [ghtaerpg@gmail.com]
2026-07-28 02:08:46.705 [http-nio-8080-exec-1] [88524029] INFO  com.bankflow.filter.LoggingFilter - HTTP Request Started: [/api/v1/dashboard/summary] via [GET]
2026-07-28 02:08:46.708 [http-nio-8080-exec-1] [88524029] INFO  c.bankflow.service.DashboardService - Fetching aggregated dashboard summary for user [ghtaerpg@gmail.com]
2026-07-28 02:08:46.718 [http-nio-8080-exec-1] [88524029] INFO  com.bankflow.filter.LoggingFilter - HTTP Response Completed: [GET /api/v1/dashboard/summary] Status [200] in [13 ms]
2026-07-28 02:08:46.947 [http-nio-8080-exec-4] [SYSTEM] DEBUG c.b.filter.JwtAuthenticationFilter - Authenticating request for user [ghtaerpg@gmail.com] at URI [/api/v1/dashboard/summary]
2026-07-28 02:08:46.949 [http-nio-8080-exec-4] [SYSTEM] DEBUG c.b.filter.JwtAuthenticationFilter - SecurityContext successfully populated with authority [ROLE_CUSTOMER] for user [ghtaerpg@gmail.com]
2026-07-28 02:08:46.950 [http-nio-8080-exec-4] [2b1b2827] INFO  com.bankflow.filter.LoggingFilter - HTTP Request Started: [/api/v1/dashboard/summary] via [GET]
2026-07-28 02:08:46.951 [http-nio-8080-exec-4] [2b1b2827] INFO  c.bankflow.service.DashboardService - Fetching aggregated dashboard summary for user [ghtaerpg@gmail.com]
2026-07-28 02:08:46.960 [http-nio-8080-exec-4] [2b1b2827] INFO  com.bankflow.filter.LoggingFilter - HTTP Response Completed: [GET /api/v1/dashboard/summary] Status [200] in [10 ms]
2026-07-28 02:08:47.160 [http-nio-8080-exec-3] [SYSTEM] DEBUG c.b.filter.JwtAuthenticationFilter - Authenticating request for user [ghtaerpg@gmail.com] at URI [/api/v1/dashboard/summary]
2026-07-28 02:08:47.163 [http-nio-8080-exec-3] [SYSTEM] DEBUG c.b.filter.JwtAuthenticationFilter - SecurityContext successfully populated with authority [ROLE_CUSTOMER] for user [ghtaerpg@gmail.com]
2026-07-28 02:08:47.163 [http-nio-8080-exec-3] [e7ebdba0] INFO  com.bankflow.filter.LoggingFilter - HTTP Request Started: [/api/v1/dashboard/summary] via [GET]
2026-07-28 02:08:47.165 [http-nio-8080-exec-3] [e7ebdba0] INFO  c.bankflow.service.DashboardService - Fetching aggregated dashboard summary for user [ghtaerpg@gmail.com]
2026-07-28 02:08:47.174 [http-nio-8080-exec-3] [e7ebdba0] INFO  com.bankflow.filter.LoggingFilter - HTTP Response Completed: [GET /api/v1/dashboard/summary] Status [200] in [11 ms]
2026-07-28 02:08:47.397 [http-nio-8080-exec-6] [SYSTEM] DEBUG c.b.filter.JwtAuthenticationFilter - Authenticating request for user [ghtaerpg@gmail.com] at URI [/api/v1/dashboard/summary]
2026-07-28 02:08:47.400 [http-nio-8080-exec-6] [SYSTEM] DEBUG c.b.filter.JwtAuthenticationFilter - SecurityContext successfully populated with authority [ROLE_CUSTOMER] for user [ghtaerpg@gmail.com]
2026-07-28 02:08:47.401 [http-nio-8080-exec-6] [0c3769f3] INFO  com.bankflow.filter.LoggingFilter - HTTP Request Started: [/api/v1/dashboard/summary] via [GET]
2026-07-28 02:08:47.403 [http-nio-8080-exec-6] [0c3769f3] INFO  c.bankflow.service.DashboardService - Fetching aggregated dashboard summary for user [ghtaerpg@gmail.com]
2026-07-28 02:08:47.411 [http-nio-8080-exec-6] [0c3769f3] INFO  com.bankflow.filter.LoggingFilter - HTTP Response Completed: [GET /api/v1/dashboard/summary] Status [200] in [10 ms]
2026-07-28 02:08:47.651 [http-nio-8080-exec-5] [SYSTEM] DEBUG c.b.filter.JwtAuthenticationFilter - Authenticating request for user [ghtaerpg@gmail.com] at URI [/api/v1/dashboard/summary]
2026-07-28 02:08:47.654 [http-nio-8080-exec-5] [SYSTEM] DEBUG c.b.filter.JwtAuthenticationFilter - SecurityContext successfully populated with authority [ROLE_CUSTOMER] for user [ghtaerpg@gmail.com]
2026-07-28 02:08:47.654 [http-nio-8080-exec-5] [ee74a065] INFO  com.bankflow.filter.LoggingFilter - HTTP Request Started: [/api/v1/dashboard/summary] via [GET]
2026-07-28 02:08:47.656 [http-nio-8080-exec-5] [ee74a065] INFO  c.bankflow.service.DashboardService - Fetching aggregated dashboard summary for user [ghtaerpg@gmail.com]
2026-07-28 02:08:47.666 [http-nio-8080-exec-5] [ee74a065] INFO  com.bankflow.filter.LoggingFilter - HTTP Response Completed: [GET /api/v1/dashboard/summary] Status [200] in [12 ms]
2026-07-28 02:09:50.567 [http-nio-8080-exec-4] [62c54a6d] INFO  com.bankflow.filter.LoggingFilter - HTTP Request Started: [/v3/api-docs?_=1785184790560] via [GET]
2026-07-28 02:09:50.578 [http-nio-8080-exec-4] [62c54a6d] INFO  com.bankflow.filter.LoggingFilter - HTTP Response Completed: [GET /v3/api-docs] Status [200] in [11 ms]
2026-07-28 02:16:26.113 [http-nio-8080-exec-3] [SYSTEM] DEBUG c.b.filter.JwtAuthenticationFilter - Authenticating request for user [ghtaerpg@gmail.com] at URI [/api/v1/dashboard/transactions]
2026-07-28 02:16:26.113 [http-nio-8080-exec-2] [SYSTEM] DEBUG c.b.filter.JwtAuthenticationFilter - Authenticating request for user [ghtaerpg@gmail.com] at URI [/api/v1/dashboard/summary]
2026-07-28 02:16:26.115 [http-nio-8080-exec-2] [SYSTEM] DEBUG c.b.filter.JwtAuthenticationFilter - SecurityContext successfully populated with authority [ROLE_CUSTOMER] for user [ghtaerpg@gmail.com]
2026-07-28 02:16:26.116 [http-nio-8080-exec-2] [13adae79] INFO  com.bankflow.filter.LoggingFilter - HTTP Request Started: [/api/v1/dashboard/summary] via [GET]
2026-07-28 02:16:26.117 [http-nio-8080-exec-3] [SYSTEM] DEBUG c.b.filter.JwtAuthenticationFilter - SecurityContext successfully populated with authority [ROLE_CUSTOMER] for user [ghtaerpg@gmail.com]
2026-07-28 02:16:26.117 [http-nio-8080-exec-3] [954b89bd] INFO  com.bankflow.filter.LoggingFilter - HTTP Request Started: [/api/v1/dashboard/transactions] via [GET]
2026-07-28 02:16:26.118 [http-nio-8080-exec-2] [13adae79] INFO  c.bankflow.service.DashboardService - Fetching aggregated dashboard summary for user [ghtaerpg@gmail.com]
2026-07-28 02:16:26.127 [http-nio-8080-exec-2] [13adae79] INFO  com.bankflow.filter.LoggingFilter - HTTP Response Completed: [GET /api/v1/dashboard/summary] Status [200] in [11 ms]
2026-07-28 02:16:26.127 [http-nio-8080-exec-3] [954b89bd] INFO  com.bankflow.filter.LoggingFilter - HTTP Response Completed: [GET /api/v1/dashboard/transactions] Status [200] in [10 ms]
2026-07-28 02:16:26.128 [http-nio-8080-exec-2] [SYSTEM] DEBUG c.b.filter.JwtAuthenticationFilter - Authenticating request for user [ghtaerpg@gmail.com] at URI [/api/v1/dashboard/transactions]
2026-07-28 02:16:26.128 [http-nio-8080-exec-6] [SYSTEM] DEBUG c.b.filter.JwtAuthenticationFilter - Authenticating request for user [ghtaerpg@gmail.com] at URI [/api/v1/dashboard/summary]
2026-07-28 02:16:26.129 [http-nio-8080-exec-6] [SYSTEM] DEBUG c.b.filter.JwtAuthenticationFilter - SecurityContext successfully populated with authority [ROLE_CUSTOMER] for user [ghtaerpg@gmail.com]
2026-07-28 02:16:26.129 [http-nio-8080-exec-2] [SYSTEM] DEBUG c.b.filter.JwtAuthenticationFilter - SecurityContext successfully populated with authority [ROLE_CUSTOMER] for user [ghtaerpg@gmail.com]
2026-07-28 02:16:26.130 [http-nio-8080-exec-6] [3b5a9ca9] INFO  com.bankflow.filter.LoggingFilter - HTTP Request Started: [/api/v1/dashboard/summary] via [GET]
2026-07-28 02:16:26.130 [http-nio-8080-exec-2] [c9005a31] INFO  com.bankflow.filter.LoggingFilter - HTTP Request Started: [/api/v1/dashboard/transactions] via [GET]
2026-07-28 02:16:26.131 [http-nio-8080-exec-6] [3b5a9ca9] INFO  c.bankflow.service.DashboardService - Fetching aggregated dashboard summary for user [ghtaerpg@gmail.com]
2026-07-28 02:16:26.136 [http-nio-8080-exec-2] [c9005a31] INFO  com.bankflow.filter.LoggingFilter - HTTP Response Completed: [GET /api/v1/dashboard/transactions] Status [200] in [6 ms]
2026-07-28 02:16:26.138 [http-nio-8080-exec-6] [3b5a9ca9] INFO  com.bankflow.filter.LoggingFilter - HTTP Response Completed: [GET /api/v1/dashboard/summary] Status [200] in [8 ms]
2026-07-28 02:16:27.302 [http-nio-8080-exec-9] [SYSTEM] DEBUG c.b.filter.JwtAuthenticationFilter - Authenticating request for user [ghtaerpg@gmail.com] at URI [/api/v1/dashboard/transactions]
2026-07-28 02:16:27.302 [http-nio-8080-exec-1] [SYSTEM] DEBUG c.b.filter.JwtAuthenticationFilter - Authenticating request for user [ghtaerpg@gmail.com] at URI [/api/v1/dashboard/summary]
2026-07-28 02:16:27.306 [http-nio-8080-exec-1] [SYSTEM] DEBUG c.b.filter.JwtAuthenticationFilter - SecurityContext successfully populated with authority [ROLE_CUSTOMER] for user [ghtaerpg@gmail.com]
2026-07-28 02:16:27.306 [http-nio-8080-exec-9] [SYSTEM] DEBUG c.b.filter.JwtAuthenticationFilter - SecurityContext successfully populated with authority [ROLE_CUSTOMER] for user [ghtaerpg@gmail.com]
2026-07-28 02:16:27.306 [http-nio-8080-exec-1] [0fc2bfe0] INFO  com.bankflow.filter.LoggingFilter - HTTP Request Started: [/api/v1/dashboard/summary] via [GET]
2026-07-28 02:16:27.306 [http-nio-8080-exec-9] [ffc32d2c] INFO  com.bankflow.filter.LoggingFilter - HTTP Request Started: [/api/v1/dashboard/transactions] via [GET]
2026-07-28 02:16:27.308 [http-nio-8080-exec-1] [0fc2bfe0] INFO  c.bankflow.service.DashboardService - Fetching aggregated dashboard summary for user [ghtaerpg@gmail.com]
2026-07-28 02:16:27.317 [http-nio-8080-exec-9] [ffc32d2c] INFO  com.bankflow.filter.LoggingFilter - HTTP Response Completed: [GET /api/v1/dashboard/transactions] Status [200] in [11 ms]
2026-07-28 02:16:27.318 [http-nio-8080-exec-4] [SYSTEM] DEBUG c.b.filter.JwtAuthenticationFilter - Authenticating request for user [ghtaerpg@gmail.com] at URI [/api/v1/dashboard/transactions]
2026-07-28 02:16:27.320 [http-nio-8080-exec-4] [SYSTEM] DEBUG c.b.filter.JwtAuthenticationFilter - SecurityContext successfully populated with authority [ROLE_CUSTOMER] for user [ghtaerpg@gmail.com]
2026-07-28 02:16:27.320 [http-nio-8080-exec-4] [a5b6e22f] INFO  com.bankflow.filter.LoggingFilter - HTTP Request Started: [/api/v1/dashboard/transactions] via [GET]
2026-07-28 02:16:27.322 [http-nio-8080-exec-1] [0fc2bfe0] INFO  com.bankflow.filter.LoggingFilter - HTTP Response Completed: [GET /api/v1/dashboard/summary] Status [200] in [16 ms]
2026-07-28 02:16:27.323 [http-nio-8080-exec-10] [SYSTEM] DEBUG c.b.filter.JwtAuthenticationFilter - Authenticating request for user [ghtaerpg@gmail.com] at URI [/api/v1/dashboard/summary]
2026-07-28 02:16:27.324 [http-nio-8080-exec-10] [SYSTEM] DEBUG c.b.filter.JwtAuthenticationFilter - SecurityContext successfully populated with authority [ROLE_CUSTOMER] for user [ghtaerpg@gmail.com]
2026-07-28 02:16:27.324 [http-nio-8080-exec-10] [546bc185] INFO  com.bankflow.filter.LoggingFilter - HTTP Request Started: [/api/v1/dashboard/summary] via [GET]
2026-07-28 02:16:27.325 [http-nio-8080-exec-10] [546bc185] INFO  c.bankflow.service.DashboardService - Fetching aggregated dashboard summary for user [ghtaerpg@gmail.com]
2026-07-28 02:16:27.326 [http-nio-8080-exec-4] [a5b6e22f] INFO  com.bankflow.filter.LoggingFilter - HTTP Response Completed: [GET /api/v1/dashboard/transactions] Status [200] in [6 ms]
2026-07-28 02:16:27.334 [http-nio-8080-exec-10] [546bc185] INFO  com.bankflow.filter.LoggingFilter - HTTP Response Completed: [GET /api/v1/dashboard/summary] Status [200] in [10 ms]
2026-07-28 02:16:27.735 [http-nio-8080-exec-7] [SYSTEM] DEBUG c.b.filter.JwtAuthenticationFilter - Authenticating request for user [ghtaerpg@gmail.com] at URI [/api/v1/dashboard/summary]
2026-07-28 02:16:27.735 [http-nio-8080-exec-8] [SYSTEM] DEBUG c.b.filter.JwtAuthenticationFilter - Authenticating request for user [ghtaerpg@gmail.com] at URI [/api/v1/dashboard/transactions]
2026-07-28 02:16:27.737 [http-nio-8080-exec-8] [SYSTEM] DEBUG c.b.filter.JwtAuthenticationFilter - SecurityContext successfully populated with authority [ROLE_CUSTOMER] for user [ghtaerpg@gmail.com]
2026-07-28 02:16:27.737 [http-nio-8080-exec-7] [SYSTEM] DEBUG c.b.filter.JwtAuthenticationFilter - SecurityContext successfully populated with authority [ROLE_CUSTOMER] for user [ghtaerpg@gmail.com]
2026-07-28 02:16:27.738 [http-nio-8080-exec-7] [26cd7f4a] INFO  com.bankflow.filter.LoggingFilter - HTTP Request Started: [/api/v1/dashboard/summary] via [GET]
2026-07-28 02:16:27.738 [http-nio-8080-exec-8] [e0125507] INFO  com.bankflow.filter.LoggingFilter - HTTP Request Started: [/api/v1/dashboard/transactions] via [GET]
2026-07-28 02:16:27.739 [http-nio-8080-exec-7] [26cd7f4a] INFO  c.bankflow.service.DashboardService - Fetching aggregated dashboard summary for user [ghtaerpg@gmail.com]
2026-07-28 02:16:27.757 [http-nio-8080-exec-8] [e0125507] INFO  com.bankflow.filter.LoggingFilter - HTTP Response Completed: [GET /api/v1/dashboard/transactions] Status [200] in [19 ms]
2026-07-28 02:16:27.758 [http-nio-8080-exec-3] [SYSTEM] DEBUG c.b.filter.JwtAuthenticationFilter - Authenticating request for user [ghtaerpg@gmail.com] at URI [/api/v1/dashboard/transactions]
2026-07-28 02:16:27.761 [http-nio-8080-exec-3] [SYSTEM] DEBUG c.b.filter.JwtAuthenticationFilter - SecurityContext successfully populated with authority [ROLE_CUSTOMER] for user [ghtaerpg@gmail.com]
2026-07-28 02:16:27.761 [http-nio-8080-exec-3] [16746118] INFO  com.bankflow.filter.LoggingFilter - HTTP Request Started: [/api/v1/dashboard/transactions] via [GET]
2026-07-28 02:16:27.762 [http-nio-8080-exec-7] [26cd7f4a] INFO  com.bankflow.filter.LoggingFilter - HTTP Response Completed: [GET /api/v1/dashboard/summary] Status [200] in [24 ms]
2026-07-28 02:16:27.763 [http-nio-8080-exec-5] [SYSTEM] DEBUG c.b.filter.JwtAuthenticationFilter - Authenticating request for user [ghtaerpg@gmail.com] at URI [/api/v1/dashboard/summary]
2026-07-28 02:16:27.765 [http-nio-8080-exec-5] [SYSTEM] DEBUG c.b.filter.JwtAuthenticationFilter - SecurityContext successfully populated with authority [ROLE_CUSTOMER] for user [ghtaerpg@gmail.com]
2026-07-28 02:16:27.765 [http-nio-8080-exec-5] [93ca354b] INFO  com.bankflow.filter.LoggingFilter - HTTP Request Started: [/api/v1/dashboard/summary] via [GET]
2026-07-28 02:16:27.767 [http-nio-8080-exec-5] [93ca354b] INFO  c.bankflow.service.DashboardService - Fetching aggregated dashboard summary for user [ghtaerpg@gmail.com]
2026-07-28 02:16:27.770 [http-nio-8080-exec-3] [16746118] INFO  com.bankflow.filter.LoggingFilter - HTTP Response Completed: [GET /api/v1/dashboard/transactions] Status [200] in [9 ms]
2026-07-28 02:16:27.773 [http-nio-8080-exec-5] [93ca354b] INFO  com.bankflow.filter.LoggingFilter - HTTP Response Completed: [GET /api/v1/dashboard/summary] Status [200] in [8 ms]
2026-07-28 02:16:27.911 [http-nio-8080-exec-6] [SYSTEM] DEBUG c.b.filter.JwtAuthenticationFilter - Authenticating request for user [ghtaerpg@gmail.com] at URI [/api/v1/dashboard/transactions]
2026-07-28 02:16:27.911 [http-nio-8080-exec-2] [SYSTEM] DEBUG c.b.filter.JwtAuthenticationFilter - Authenticating request for user [ghtaerpg@gmail.com] at URI [/api/v1/dashboard/summary]
2026-07-28 02:16:27.915 [http-nio-8080-exec-6] [SYSTEM] DEBUG c.b.filter.JwtAuthenticationFilter - SecurityContext successfully populated with authority [ROLE_CUSTOMER] for user [ghtaerpg@gmail.com]
2026-07-28 02:16:27.915 [http-nio-8080-exec-6] [77c49a97] INFO  com.bankflow.filter.LoggingFilter - HTTP Request Started: [/api/v1/dashboard/transactions] via [GET]
2026-07-28 02:16:27.915 [http-nio-8080-exec-2] [SYSTEM] DEBUG c.b.filter.JwtAuthenticationFilter - SecurityContext successfully populated with authority [ROLE_CUSTOMER] for user [ghtaerpg@gmail.com]
2026-07-28 02:16:27.916 [http-nio-8080-exec-2] [63146bec] INFO  com.bankflow.filter.LoggingFilter - HTTP Request Started: [/api/v1/dashboard/summary] via [GET]
2026-07-28 02:16:27.919 [http-nio-8080-exec-2] [63146bec] INFO  c.bankflow.service.DashboardService - Fetching aggregated dashboard summary for user [ghtaerpg@gmail.com]
2026-07-28 02:16:27.924 [http-nio-8080-exec-6] [77c49a97] INFO  com.bankflow.filter.LoggingFilter - HTTP Response Completed: [GET /api/v1/dashboard/transactions] Status [200] in [9 ms]
2026-07-28 02:16:27.926 [http-nio-8080-exec-9] [SYSTEM] DEBUG c.b.filter.JwtAuthenticationFilter - Authenticating request for user [ghtaerpg@gmail.com] at URI [/api/v1/dashboard/transactions]
2026-07-28 02:16:27.927 [http-nio-8080-exec-2] [63146bec] INFO  com.bankflow.filter.LoggingFilter - HTTP Response Completed: [GET /api/v1/dashboard/summary] Status [200] in [11 ms]
2026-07-28 02:16:27.927 [http-nio-8080-exec-1] [SYSTEM] DEBUG c.b.filter.JwtAuthenticationFilter - Authenticating request for user [ghtaerpg@gmail.com] at URI [/api/v1/dashboard/summary]
2026-07-28 02:16:27.928 [http-nio-8080-exec-9] [SYSTEM] DEBUG c.b.filter.JwtAuthenticationFilter - SecurityContext successfully populated with authority [ROLE_CUSTOMER] for user [ghtaerpg@gmail.com]
2026-07-28 02:16:27.928 [http-nio-8080-exec-9] [d3abce0e] INFO  com.bankflow.filter.LoggingFilter - HTTP Request Started: [/api/v1/dashboard/transactions] via [GET]
2026-07-28 02:16:27.928 [http-nio-8080-exec-1] [SYSTEM] DEBUG c.b.filter.JwtAuthenticationFilter - SecurityContext successfully populated with authority [ROLE_CUSTOMER] for user [ghtaerpg@gmail.com]
2026-07-28 02:16:27.929 [http-nio-8080-exec-1] [cc73a7f5] INFO  com.bankflow.filter.LoggingFilter - HTTP Request Started: [/api/v1/dashboard/summary] via [GET]
2026-07-28 02:16:27.929 [http-nio-8080-exec-1] [cc73a7f5] INFO  c.bankflow.service.DashboardService - Fetching aggregated dashboard summary for user [ghtaerpg@gmail.com]
2026-07-28 02:16:27.934 [http-nio-8080-exec-9] [d3abce0e] INFO  com.bankflow.filter.LoggingFilter - HTTP Response Completed: [GET /api/v1/dashboard/transactions] Status [200] in [6 ms]
2026-07-28 02:16:27.936 [http-nio-8080-exec-1] [cc73a7f5] INFO  com.bankflow.filter.LoggingFilter - HTTP Response Completed: [GET /api/v1/dashboard/summary] Status [200] in [7 ms]
2026-07-28 02:16:28.697 [http-nio-8080-exec-10] [SYSTEM] DEBUG c.b.filter.JwtAuthenticationFilter - Authenticating request for user [ghtaerpg@gmail.com] at URI [/api/v1/dashboard/transactions]
2026-07-28 02:16:28.697 [http-nio-8080-exec-4] [SYSTEM] DEBUG c.b.filter.JwtAuthenticationFilter - Authenticating request for user [ghtaerpg@gmail.com] at URI [/api/v1/dashboard/summary]
2026-07-28 02:16:28.699 [http-nio-8080-exec-10] [SYSTEM] DEBUG c.b.filter.JwtAuthenticationFilter - SecurityContext successfully populated with authority [ROLE_CUSTOMER] for user [ghtaerpg@gmail.com]
2026-07-28 02:16:28.699 [http-nio-8080-exec-4] [SYSTEM] DEBUG c.b.filter.JwtAuthenticationFilter - SecurityContext successfully populated with authority [ROLE_CUSTOMER] for user [ghtaerpg@gmail.com]
2026-07-28 02:16:28.699 [http-nio-8080-exec-4] [a50464ee] INFO  com.bankflow.filter.LoggingFilter - HTTP Request Started: [/api/v1/dashboard/summary] via [GET]
2026-07-28 02:16:28.699 [http-nio-8080-exec-10] [8e6bb736] INFO  com.bankflow.filter.LoggingFilter - HTTP Request Started: [/api/v1/dashboard/transactions] via [GET]
2026-07-28 02:16:28.702 [http-nio-8080-exec-4] [a50464ee] INFO  c.bankflow.service.DashboardService - Fetching aggregated dashboard summary for user [ghtaerpg@gmail.com]
2026-07-28 02:16:28.707 [http-nio-8080-exec-10] [8e6bb736] INFO  com.bankflow.filter.LoggingFilter - HTTP Response Completed: [GET /api/v1/dashboard/transactions] Status [200] in [8 ms]
2026-07-28 02:16:28.708 [http-nio-8080-exec-4] [a50464ee] INFO  com.bankflow.filter.LoggingFilter - HTTP Response Completed: [GET /api/v1/dashboard/summary] Status [200] in [9 ms]
2026-07-28 02:16:28.708 [http-nio-8080-exec-8] [SYSTEM] DEBUG c.b.filter.JwtAuthenticationFilter - Authenticating request for user [ghtaerpg@gmail.com] at URI [/api/v1/dashboard/transactions]
2026-07-28 02:16:28.709 [http-nio-8080-exec-7] [SYSTEM] DEBUG c.b.filter.JwtAuthenticationFilter - Authenticating request for user [ghtaerpg@gmail.com] at URI [/api/v1/dashboard/summary]
2026-07-28 02:16:28.709 [http-nio-8080-exec-8] [SYSTEM] DEBUG c.b.filter.JwtAuthenticationFilter - SecurityContext successfully populated with authority [ROLE_CUSTOMER] for user [ghtaerpg@gmail.com]
2026-07-28 02:16:28.709 [http-nio-8080-exec-8] [9fd64062] INFO  com.bankflow.filter.LoggingFilter - HTTP Request Started: [/api/v1/dashboard/transactions] via [GET]
2026-07-28 02:16:28.710 [http-nio-8080-exec-7] [SYSTEM] DEBUG c.b.filter.JwtAuthenticationFilter - SecurityContext successfully populated with authority [ROLE_CUSTOMER] for user [ghtaerpg@gmail.com]
2026-07-28 02:16:28.710 [http-nio-8080-exec-7] [ac78d626] INFO  com.bankflow.filter.LoggingFilter - HTTP Request Started: [/api/v1/dashboard/summary] via [GET]
2026-07-28 02:16:28.711 [http-nio-8080-exec-7] [ac78d626] INFO  c.bankflow.service.DashboardService - Fetching aggregated dashboard summary for user [ghtaerpg@gmail.com]
2026-07-28 02:16:28.715 [http-nio-8080-exec-8] [9fd64062] INFO  com.bankflow.filter.LoggingFilter - HTTP Response Completed: [GET /api/v1/dashboard/transactions] Status [200] in [6 ms]
2026-07-28 02:16:28.719 [http-nio-8080-exec-7] [ac78d626] INFO  com.bankflow.filter.LoggingFilter - HTTP Response Completed: [GET /api/v1/dashboard/summary] Status [200] in [9 ms]
2026-07-28 02:16:29.371 [http-nio-8080-exec-3] [SYSTEM] DEBUG c.b.filter.JwtAuthenticationFilter - Authenticating request for user [ghtaerpg@gmail.com] at URI [/api/v1/dashboard/summary]
2026-07-28 02:16:29.371 [http-nio-8080-exec-5] [SYSTEM] DEBUG c.b.filter.JwtAuthenticationFilter - Authenticating request for user [ghtaerpg@gmail.com] at URI [/api/v1/dashboard/transactions]
2026-07-28 02:16:29.374 [http-nio-8080-exec-3] [SYSTEM] DEBUG c.b.filter.JwtAuthenticationFilter - SecurityContext successfully populated with authority [ROLE_CUSTOMER] for user [ghtaerpg@gmail.com]
2026-07-28 02:16:29.374 [http-nio-8080-exec-5] [SYSTEM] DEBUG c.b.filter.JwtAuthenticationFilter - SecurityContext successfully populated with authority [ROLE_CUSTOMER] for user [ghtaerpg@gmail.com]
2026-07-28 02:16:29.374 [http-nio-8080-exec-5] [4ee498f7] INFO  com.bankflow.filter.LoggingFilter - HTTP Request Started: [/api/v1/dashboard/transactions] via [GET]
2026-07-28 02:16:29.374 [http-nio-8080-exec-3] [913e7286] INFO  com.bankflow.filter.LoggingFilter - HTTP Request Started: [/api/v1/dashboard/summary] via [GET]
2026-07-28 02:16:29.376 [http-nio-8080-exec-3] [913e7286] INFO  c.bankflow.service.DashboardService - Fetching aggregated dashboard summary for user [ghtaerpg@gmail.com]
2026-07-28 02:16:29.380 [http-nio-8080-exec-5] [4ee498f7] INFO  com.bankflow.filter.LoggingFilter - HTTP Response Completed: [GET /api/v1/dashboard/transactions] Status [200] in [6 ms]
2026-07-28 02:16:29.381 [http-nio-8080-exec-6] [SYSTEM] DEBUG c.b.filter.JwtAuthenticationFilter - Authenticating request for user [ghtaerpg@gmail.com] at URI [/api/v1/dashboard/transactions]
2026-07-28 02:16:29.383 [http-nio-8080-exec-3] [913e7286] INFO  com.bankflow.filter.LoggingFilter - HTTP Response Completed: [GET /api/v1/dashboard/summary] Status [200] in [9 ms]
2026-07-28 02:16:29.383 [http-nio-8080-exec-6] [SYSTEM] DEBUG c.b.filter.JwtAuthenticationFilter - SecurityContext successfully populated with authority [ROLE_CUSTOMER] for user [ghtaerpg@gmail.com]
2026-07-28 02:16:29.383 [http-nio-8080-exec-6] [0268d044] INFO  com.bankflow.filter.LoggingFilter - HTTP Request Started: [/api/v1/dashboard/transactions] via [GET]
2026-07-28 02:16:29.383 [http-nio-8080-exec-2] [SYSTEM] DEBUG c.b.filter.JwtAuthenticationFilter - Authenticating request for user [ghtaerpg@gmail.com] at URI [/api/v1/dashboard/summary]
2026-07-28 02:16:29.385 [http-nio-8080-exec-2] [SYSTEM] DEBUG c.b.filter.JwtAuthenticationFilter - SecurityContext successfully populated with authority [ROLE_CUSTOMER] for user [ghtaerpg@gmail.com]
2026-07-28 02:16:29.385 [http-nio-8080-exec-2] [9eaea184] INFO  com.bankflow.filter.LoggingFilter - HTTP Request Started: [/api/v1/dashboard/summary] via [GET]
2026-07-28 02:16:29.386 [http-nio-8080-exec-2] [9eaea184] INFO  c.bankflow.service.DashboardService - Fetching aggregated dashboard summary for user [ghtaerpg@gmail.com]
2026-07-28 02:16:29.388 [http-nio-8080-exec-6] [0268d044] INFO  com.bankflow.filter.LoggingFilter - HTTP Response Completed: [GET /api/v1/dashboard/transactions] Status [200] in [5 ms]
2026-07-28 02:16:29.390 [http-nio-8080-exec-2] [9eaea184] INFO  com.bankflow.filter.LoggingFilter - HTTP Response Completed: [GET /api/v1/dashboard/summary] Status [200] in [5 ms]
2026-07-28 02:16:30.102 [http-nio-8080-exec-9] [SYSTEM] DEBUG c.b.filter.JwtAuthenticationFilter - Authenticating request for user [ghtaerpg@gmail.com] at URI [/api/v1/dashboard/summary]
2026-07-28 02:16:30.102 [http-nio-8080-exec-1] [SYSTEM] DEBUG c.b.filter.JwtAuthenticationFilter - Authenticating request for user [ghtaerpg@gmail.com] at URI [/api/v1/dashboard/transactions]
2026-07-28 02:16:30.105 [http-nio-8080-exec-1] [SYSTEM] DEBUG c.b.filter.JwtAuthenticationFilter - SecurityContext successfully populated with authority [ROLE_CUSTOMER] for user [ghtaerpg@gmail.com]
2026-07-28 02:16:30.105 [http-nio-8080-exec-9] [SYSTEM] DEBUG c.b.filter.JwtAuthenticationFilter - SecurityContext successfully populated with authority [ROLE_CUSTOMER] for user [ghtaerpg@gmail.com]
2026-07-28 02:16:30.105 [http-nio-8080-exec-1] [d2c45b79] INFO  com.bankflow.filter.LoggingFilter - HTTP Request Started: [/api/v1/dashboard/transactions] via [GET]
2026-07-28 02:16:30.105 [http-nio-8080-exec-9] [be22ca40] INFO  com.bankflow.filter.LoggingFilter - HTTP Request Started: [/api/v1/dashboard/summary] via [GET]
2026-07-28 02:16:30.107 [http-nio-8080-exec-9] [be22ca40] INFO  c.bankflow.service.DashboardService - Fetching aggregated dashboard summary for user [ghtaerpg@gmail.com]
2026-07-28 02:16:30.113 [http-nio-8080-exec-1] [d2c45b79] INFO  com.bankflow.filter.LoggingFilter - HTTP Response Completed: [GET /api/v1/dashboard/transactions] Status [200] in [8 ms]
2026-07-28 02:16:30.114 [http-nio-8080-exec-1] [SYSTEM] DEBUG c.b.filter.JwtAuthenticationFilter - Authenticating request for user [ghtaerpg@gmail.com] at URI [/api/v1/dashboard/transactions]
2026-07-28 02:16:30.115 [http-nio-8080-exec-9] [be22ca40] INFO  com.bankflow.filter.LoggingFilter - HTTP Response Completed: [GET /api/v1/dashboard/summary] Status [200] in [10 ms]
2026-07-28 02:16:30.116 [http-nio-8080-exec-4] [SYSTEM] DEBUG c.b.filter.JwtAuthenticationFilter - Authenticating request for user [ghtaerpg@gmail.com] at URI [/api/v1/dashboard/summary]
2026-07-28 02:16:30.116 [http-nio-8080-exec-1] [SYSTEM] DEBUG c.b.filter.JwtAuthenticationFilter - SecurityContext successfully populated with authority [ROLE_CUSTOMER] for user [ghtaerpg@gmail.com]
2026-07-28 02:16:30.116 [http-nio-8080-exec-1] [4f8141bb] INFO  com.bankflow.filter.LoggingFilter - HTTP Request Started: [/api/v1/dashboard/transactions] via [GET]
2026-07-28 02:16:30.117 [http-nio-8080-exec-4] [SYSTEM] DEBUG c.b.filter.JwtAuthenticationFilter - SecurityContext successfully populated with authority [ROLE_CUSTOMER] for user [ghtaerpg@gmail.com]
2026-07-28 02:16:30.118 [http-nio-8080-exec-4] [6b1ff2ba] INFO  com.bankflow.filter.LoggingFilter - HTTP Request Started: [/api/v1/dashboard/summary] via [GET]
2026-07-28 02:16:30.119 [http-nio-8080-exec-4] [6b1ff2ba] INFO  c.bankflow.service.DashboardService - Fetching aggregated dashboard summary for user [ghtaerpg@gmail.com]
2026-07-28 02:16:30.121 [http-nio-8080-exec-1] [4f8141bb] INFO  com.bankflow.filter.LoggingFilter - HTTP Response Completed: [GET /api/v1/dashboard/transactions] Status [200] in [5 ms]
2026-07-28 02:16:30.123 [http-nio-8080-exec-4] [6b1ff2ba] INFO  com.bankflow.filter.LoggingFilter - HTTP Response Completed: [GET /api/v1/dashboard/summary] Status [200] in [5 ms]
2026-07-28 02:16:34.162 [http-nio-8080-exec-6] [SYSTEM] DEBUG c.b.filter.JwtAuthenticationFilter - Authenticating request for user [ghtaerpg@gmail.com] at URI [/api/v1/dashboard/summary]
2026-07-28 02:16:34.164 [http-nio-8080-exec-2] [SYSTEM] DEBUG c.b.filter.JwtAuthenticationFilter - Authenticating request for user [ghtaerpg@gmail.com] at URI [/api/v1/dashboard/transactions]
2026-07-28 02:16:34.165 [http-nio-8080-exec-6] [SYSTEM] DEBUG c.b.filter.JwtAuthenticationFilter - SecurityContext successfully populated with authority [ROLE_CUSTOMER] for user [ghtaerpg@gmail.com]
2026-07-28 02:16:34.165 [http-nio-8080-exec-6] [df9514d0] INFO  com.bankflow.filter.LoggingFilter - HTTP Request Started: [/api/v1/dashboard/summary] via [GET]
2026-07-28 02:16:34.165 [http-nio-8080-exec-2] [SYSTEM] DEBUG c.b.filter.JwtAuthenticationFilter - SecurityContext successfully populated with authority [ROLE_CUSTOMER] for user [ghtaerpg@gmail.com]
2026-07-28 02:16:34.165 [http-nio-8080-exec-2] [de01923b] INFO  com.bankflow.filter.LoggingFilter - HTTP Request Started: [/api/v1/dashboard/transactions] via [GET]
2026-07-28 02:16:34.166 [http-nio-8080-exec-6] [df9514d0] INFO  c.bankflow.service.DashboardService - Fetching aggregated dashboard summary for user [ghtaerpg@gmail.com]
2026-07-28 02:16:34.170 [http-nio-8080-exec-2] [de01923b] INFO  com.bankflow.filter.LoggingFilter - HTTP Response Completed: [GET /api/v1/dashboard/transactions] Status [200] in [5 ms]
2026-07-28 02:16:34.171 [http-nio-8080-exec-10] [SYSTEM] DEBUG c.b.filter.JwtAuthenticationFilter - Authenticating request for user [ghtaerpg@gmail.com] at URI [/api/v1/dashboard/transactions]
2026-07-28 02:16:34.172 [http-nio-8080-exec-6] [df9514d0] INFO  com.bankflow.filter.LoggingFilter - HTTP Response Completed: [GET /api/v1/dashboard/summary] Status [200] in [7 ms]
2026-07-28 02:16:34.173 [http-nio-8080-exec-10] [SYSTEM] DEBUG c.b.filter.JwtAuthenticationFilter - SecurityContext successfully populated with authority [ROLE_CUSTOMER] for user [ghtaerpg@gmail.com]
2026-07-28 02:16:34.173 [http-nio-8080-exec-9] [SYSTEM] DEBUG c.b.filter.JwtAuthenticationFilter - Authenticating request for user [ghtaerpg@gmail.com] at URI [/api/v1/dashboard/summary]
2026-07-28 02:16:34.173 [http-nio-8080-exec-10] [05bed5c1] INFO  com.bankflow.filter.LoggingFilter - HTTP Request Started: [/api/v1/dashboard/transactions] via [GET]
2026-07-28 02:16:34.174 [http-nio-8080-exec-9] [SYSTEM] DEBUG c.b.filter.JwtAuthenticationFilter - SecurityContext successfully populated with authority [ROLE_CUSTOMER] for user [ghtaerpg@gmail.com]
2026-07-28 02:16:34.174 [http-nio-8080-exec-9] [a31ca384] INFO  com.bankflow.filter.LoggingFilter - HTTP Request Started: [/api/v1/dashboard/summary] via [GET]
2026-07-28 02:16:34.175 [http-nio-8080-exec-9] [a31ca384] INFO  c.bankflow.service.DashboardService - Fetching aggregated dashboard summary for user [ghtaerpg@gmail.com]
2026-07-28 02:16:34.177 [http-nio-8080-exec-10] [05bed5c1] INFO  com.bankflow.filter.LoggingFilter - HTTP Response Completed: [GET /api/v1/dashboard/transactions] Status [200] in [4 ms]
2026-07-28 02:16:34.179 [http-nio-8080-exec-9] [a31ca384] INFO  com.bankflow.filter.LoggingFilter - HTTP Response Completed: [GET /api/v1/dashboard/summary] Status [200] in [5 ms]
2026-07-28 02:19:50.570 [http-nio-8080-exec-7] [a022f637] INFO  com.bankflow.filter.LoggingFilter - HTTP Request Started: [/v3/api-docs?_=1785185390564] via [GET]
2026-07-28 02:19:50.581 [http-nio-8080-exec-7] [a022f637] INFO  com.bankflow.filter.LoggingFilter - HTTP Response Completed: [GET /v3/api-docs] Status [200] in [11 ms]
2026-07-28 02:23:11.942 [http-nio-8080-exec-8] [SYSTEM] DEBUG c.b.filter.JwtAuthenticationFilter - Authenticating request for user [ghtaerpg@gmail.com] at URI [/api/v1/dashboard/transactions]
2026-07-28 02:23:11.945 [http-nio-8080-exec-5] [SYSTEM] DEBUG c.b.filter.JwtAuthenticationFilter - Authenticating request for user [ghtaerpg@gmail.com] at URI [/api/v1/dashboard/summary]
2026-07-28 02:23:11.946 [http-nio-8080-exec-8] [SYSTEM] DEBUG c.b.filter.JwtAuthenticationFilter - SecurityContext successfully populated with authority [ROLE_CUSTOMER] for user [ghtaerpg@gmail.com]
2026-07-28 02:23:11.946 [http-nio-8080-exec-8] [315ba560] INFO  com.bankflow.filter.LoggingFilter - HTTP Request Started: [/api/v1/dashboard/transactions] via [GET]
2026-07-28 02:23:11.947 [http-nio-8080-exec-5] [SYSTEM] DEBUG c.b.filter.JwtAuthenticationFilter - SecurityContext successfully populated with authority [ROLE_CUSTOMER] for user [ghtaerpg@gmail.com]
2026-07-28 02:23:11.947 [http-nio-8080-exec-5] [aca9d6e2] INFO  com.bankflow.filter.LoggingFilter - HTTP Request Started: [/api/v1/dashboard/summary] via [GET]
2026-07-28 02:23:11.948 [http-nio-8080-exec-5] [aca9d6e2] INFO  c.bankflow.service.DashboardService - Fetching aggregated dashboard summary for user [ghtaerpg@gmail.com]
2026-07-28 02:23:11.950 [http-nio-8080-exec-8] [315ba560] INFO  com.bankflow.filter.LoggingFilter - HTTP Response Completed: [GET /api/v1/dashboard/transactions] Status [200] in [4 ms]
2026-07-28 02:23:11.952 [http-nio-8080-exec-1] [SYSTEM] DEBUG c.b.filter.JwtAuthenticationFilter - Authenticating request for user [ghtaerpg@gmail.com] at URI [/api/v1/dashboard/transactions]
2026-07-28 02:23:11.954 [http-nio-8080-exec-1] [SYSTEM] DEBUG c.b.filter.JwtAuthenticationFilter - SecurityContext successfully populated with authority [ROLE_CUSTOMER] for user [ghtaerpg@gmail.com]
2026-07-28 02:23:11.954 [http-nio-8080-exec-1] [703eb66f] INFO  com.bankflow.filter.LoggingFilter - HTTP Request Started: [/api/v1/dashboard/transactions] via [GET]
2026-07-28 02:23:11.959 [http-nio-8080-exec-5] [aca9d6e2] INFO  com.bankflow.filter.LoggingFilter - HTTP Response Completed: [GET /api/v1/dashboard/summary] Status [200] in [12 ms]
2026-07-28 02:23:11.961 [http-nio-8080-exec-5] [SYSTEM] DEBUG c.b.filter.JwtAuthenticationFilter - Authenticating request for user [ghtaerpg@gmail.com] at URI [/api/v1/dashboard/summary]
2026-07-28 02:23:11.962 [http-nio-8080-exec-5] [SYSTEM] DEBUG c.b.filter.JwtAuthenticationFilter - SecurityContext successfully populated with authority [ROLE_CUSTOMER] for user [ghtaerpg@gmail.com]
2026-07-28 02:23:11.962 [http-nio-8080-exec-5] [affb7cce] INFO  com.bankflow.filter.LoggingFilter - HTTP Request Started: [/api/v1/dashboard/summary] via [GET]
2026-07-28 02:23:11.963 [http-nio-8080-exec-5] [affb7cce] INFO  c.bankflow.service.DashboardService - Fetching aggregated dashboard summary for user [ghtaerpg@gmail.com]
2026-07-28 02:23:11.964 [http-nio-8080-exec-1] [703eb66f] INFO  com.bankflow.filter.LoggingFilter - HTTP Response Completed: [GET /api/v1/dashboard/transactions] Status [200] in [10 ms]
2026-07-28 02:23:11.967 [http-nio-8080-exec-5] [affb7cce] INFO  com.bankflow.filter.LoggingFilter - HTTP Response Completed: [GET /api/v1/dashboard/summary] Status [200] in [5 ms]
2026-07-28 02:23:12.302 [http-nio-8080-exec-3] [SYSTEM] DEBUG c.b.filter.JwtAuthenticationFilter - Authenticating request for user [ghtaerpg@gmail.com] at URI [/api/v1/dashboard/transactions]
2026-07-28 02:23:12.302 [http-nio-8080-exec-7] [SYSTEM] DEBUG c.b.filter.JwtAuthenticationFilter - Authenticating request for user [ghtaerpg@gmail.com] at URI [/api/v1/dashboard/summary]
2026-07-28 02:23:12.303 [http-nio-8080-exec-3] [SYSTEM] DEBUG c.b.filter.JwtAuthenticationFilter - SecurityContext successfully populated with authority [ROLE_CUSTOMER] for user [ghtaerpg@gmail.com]
2026-07-28 02:23:12.303 [http-nio-8080-exec-7] [SYSTEM] DEBUG c.b.filter.JwtAuthenticationFilter - SecurityContext successfully populated with authority [ROLE_CUSTOMER] for user [ghtaerpg@gmail.com]
2026-07-28 02:23:12.304 [http-nio-8080-exec-3] [7e95a5b4] INFO  com.bankflow.filter.LoggingFilter - HTTP Request Started: [/api/v1/dashboard/transactions] via [GET]
2026-07-28 02:23:12.304 [http-nio-8080-exec-7] [74bf0f96] INFO  com.bankflow.filter.LoggingFilter - HTTP Request Started: [/api/v1/dashboard/summary] via [GET]
2026-07-28 02:23:12.305 [http-nio-8080-exec-7] [74bf0f96] INFO  c.bankflow.service.DashboardService - Fetching aggregated dashboard summary for user [ghtaerpg@gmail.com]
2026-07-28 02:23:12.308 [http-nio-8080-exec-3] [7e95a5b4] INFO  com.bankflow.filter.LoggingFilter - HTTP Response Completed: [GET /api/v1/dashboard/transactions] Status [200] in [4 ms]
2026-07-28 02:23:12.309 [http-nio-8080-exec-7] [74bf0f96] INFO  com.bankflow.filter.LoggingFilter - HTTP Response Completed: [GET /api/v1/dashboard/summary] Status [200] in [5 ms]
2026-07-28 02:23:12.310 [http-nio-8080-exec-6] [SYSTEM] DEBUG c.b.filter.JwtAuthenticationFilter - Authenticating request for user [ghtaerpg@gmail.com] at URI [/api/v1/dashboard/transactions]
2026-07-28 02:23:12.310 [http-nio-8080-exec-10] [SYSTEM] DEBUG c.b.filter.JwtAuthenticationFilter - Authenticating request for user [ghtaerpg@gmail.com] at URI [/api/v1/dashboard/summary]
2026-07-28 02:23:12.311 [http-nio-8080-exec-6] [SYSTEM] DEBUG c.b.filter.JwtAuthenticationFilter - SecurityContext successfully populated with authority [ROLE_CUSTOMER] for user [ghtaerpg@gmail.com]
2026-07-28 02:23:12.311 [http-nio-8080-exec-10] [SYSTEM] DEBUG c.b.filter.JwtAuthenticationFilter - SecurityContext successfully populated with authority [ROLE_CUSTOMER] for user [ghtaerpg@gmail.com]
2026-07-28 02:23:12.311 [http-nio-8080-exec-6] [03f99e80] INFO  com.bankflow.filter.LoggingFilter - HTTP Request Started: [/api/v1/dashboard/transactions] via [GET]
2026-07-28 02:23:12.311 [http-nio-8080-exec-10] [61107313] INFO  com.bankflow.filter.LoggingFilter - HTTP Request Started: [/api/v1/dashboard/summary] via [GET]
2026-07-28 02:23:12.312 [http-nio-8080-exec-10] [61107313] INFO  c.bankflow.service.DashboardService - Fetching aggregated dashboard summary for user [ghtaerpg@gmail.com]
2026-07-28 02:23:12.315 [http-nio-8080-exec-6] [03f99e80] INFO  com.bankflow.filter.LoggingFilter - HTTP Response Completed: [GET /api/v1/dashboard/transactions] Status [200] in [4 ms]
2026-07-28 02:23:12.316 [http-nio-8080-exec-10] [61107313] INFO  com.bankflow.filter.LoggingFilter - HTTP Response Completed: [GET /api/v1/dashboard/summary] Status [200] in [5 ms]
2026-07-28 02:24:54.747 [http-nio-8080-exec-10] [SYSTEM] DEBUG c.b.filter.JwtAuthenticationFilter - Authenticating request for user [ghtaerpg@gmail.com] at URI [/api/v1/dashboard/summary]
2026-07-28 02:24:54.747 [http-nio-8080-exec-6] [SYSTEM] DEBUG c.b.filter.JwtAuthenticationFilter - Authenticating request for user [ghtaerpg@gmail.com] at URI [/api/v1/dashboard/transactions]
2026-07-28 02:24:54.751 [http-nio-8080-exec-10] [SYSTEM] DEBUG c.b.filter.JwtAuthenticationFilter - SecurityContext successfully populated with authority [ROLE_CUSTOMER] for user [ghtaerpg@gmail.com]
2026-07-28 02:24:54.751 [http-nio-8080-exec-6] [SYSTEM] DEBUG c.b.filter.JwtAuthenticationFilter - SecurityContext successfully populated with authority [ROLE_CUSTOMER] for user [ghtaerpg@gmail.com]
2026-07-28 02:24:54.752 [http-nio-8080-exec-6] [9f41bf2d] INFO  com.bankflow.filter.LoggingFilter - HTTP Request Started: [/api/v1/dashboard/transactions] via [GET]
2026-07-28 02:24:54.752 [http-nio-8080-exec-10] [a7e2e593] INFO  com.bankflow.filter.LoggingFilter - HTTP Request Started: [/api/v1/dashboard/summary] via [GET]
2026-07-28 02:24:54.754 [http-nio-8080-exec-10] [a7e2e593] INFO  c.bankflow.service.DashboardService - Fetching aggregated dashboard summary for user [ghtaerpg@gmail.com]
2026-07-28 02:24:54.762 [http-nio-8080-exec-6] [9f41bf2d] INFO  com.bankflow.filter.LoggingFilter - HTTP Response Completed: [GET /api/v1/dashboard/transactions] Status [200] in [10 ms]
2026-07-28 02:24:54.762 [http-nio-8080-exec-2] [SYSTEM] DEBUG c.b.filter.JwtAuthenticationFilter - Authenticating request for user [ghtaerpg@gmail.com] at URI [/api/v1/dashboard/transactions]
2026-07-28 02:24:54.764 [http-nio-8080-exec-2] [SYSTEM] DEBUG c.b.filter.JwtAuthenticationFilter - SecurityContext successfully populated with authority [ROLE_CUSTOMER] for user [ghtaerpg@gmail.com]
2026-07-28 02:24:54.764 [http-nio-8080-exec-2] [665eb8b4] INFO  com.bankflow.filter.LoggingFilter - HTTP Request Started: [/api/v1/dashboard/transactions] via [GET]
2026-07-28 02:24:54.764 [http-nio-8080-exec-10] [a7e2e593] INFO  com.bankflow.filter.LoggingFilter - HTTP Response Completed: [GET /api/v1/dashboard/summary] Status [200] in [12 ms]
2026-07-28 02:24:54.765 [http-nio-8080-exec-4] [SYSTEM] DEBUG c.b.filter.JwtAuthenticationFilter - Authenticating request for user [ghtaerpg@gmail.com] at URI [/api/v1/dashboard/summary]
2026-07-28 02:24:54.766 [http-nio-8080-exec-4] [SYSTEM] DEBUG c.b.filter.JwtAuthenticationFilter - SecurityContext successfully populated with authority [ROLE_CUSTOMER] for user [ghtaerpg@gmail.com]
2026-07-28 02:24:54.766 [http-nio-8080-exec-4] [a20f9b41] INFO  com.bankflow.filter.LoggingFilter - HTTP Request Started: [/api/v1/dashboard/summary] via [GET]
2026-07-28 02:24:54.768 [http-nio-8080-exec-4] [a20f9b41] INFO  c.bankflow.service.DashboardService - Fetching aggregated dashboard summary for user [ghtaerpg@gmail.com]
2026-07-28 02:24:54.772 [http-nio-8080-exec-2] [665eb8b4] INFO  com.bankflow.filter.LoggingFilter - HTTP Response Completed: [GET /api/v1/dashboard/transactions] Status [200] in [8 ms]
2026-07-28 02:24:54.775 [http-nio-8080-exec-4] [a20f9b41] INFO  com.bankflow.filter.LoggingFilter - HTTP Response Completed: [GET /api/v1/dashboard/summary] Status [200] in [9 ms]
2026-07-28 02:25:43.827 [http-nio-8080-exec-3] [SYSTEM] DEBUG c.b.filter.JwtAuthenticationFilter - Authenticating request for user [ghtaerpg@gmail.com] at URI [/api/v1/dashboard/transactions]
2026-07-28 02:25:43.827 [http-nio-8080-exec-5] [SYSTEM] DEBUG c.b.filter.JwtAuthenticationFilter - Authenticating request for user [ghtaerpg@gmail.com] at URI [/api/v1/dashboard/summary]
2026-07-28 02:25:43.830 [http-nio-8080-exec-3] [SYSTEM] DEBUG c.b.filter.JwtAuthenticationFilter - SecurityContext successfully populated with authority [ROLE_CUSTOMER] for user [ghtaerpg@gmail.com]
2026-07-28 02:25:43.830 [http-nio-8080-exec-5] [SYSTEM] DEBUG c.b.filter.JwtAuthenticationFilter - SecurityContext successfully populated with authority [ROLE_CUSTOMER] for user [ghtaerpg@gmail.com]
2026-07-28 02:25:43.830 [http-nio-8080-exec-5] [df81c96b] INFO  com.bankflow.filter.LoggingFilter - HTTP Request Started: [/api/v1/dashboard/summary] via [GET]
2026-07-28 02:25:43.830 [http-nio-8080-exec-3] [fcb8e1e1] INFO  com.bankflow.filter.LoggingFilter - HTTP Request Started: [/api/v1/dashboard/transactions] via [GET]
2026-07-28 02:25:43.832 [http-nio-8080-exec-5] [df81c96b] INFO  c.bankflow.service.DashboardService - Fetching aggregated dashboard summary for user [ghtaerpg@gmail.com]
2026-07-28 02:25:43.838 [http-nio-8080-exec-3] [fcb8e1e1] INFO  com.bankflow.filter.LoggingFilter - HTTP Response Completed: [GET /api/v1/dashboard/transactions] Status [200] in [8 ms]
2026-07-28 02:25:43.839 [http-nio-8080-exec-6] [SYSTEM] DEBUG c.b.filter.JwtAuthenticationFilter - Authenticating request for user [ghtaerpg@gmail.com] at URI [/api/v1/dashboard/transactions]
2026-07-28 02:25:43.840 [http-nio-8080-exec-6] [SYSTEM] DEBUG c.b.filter.JwtAuthenticationFilter - SecurityContext successfully populated with authority [ROLE_CUSTOMER] for user [ghtaerpg@gmail.com]
2026-07-28 02:25:43.840 [http-nio-8080-exec-6] [cdb8742b] INFO  com.bankflow.filter.LoggingFilter - HTTP Request Started: [/api/v1/dashboard/transactions] via [GET]
2026-07-28 02:25:43.840 [http-nio-8080-exec-5] [df81c96b] INFO  com.bankflow.filter.LoggingFilter - HTTP Response Completed: [GET /api/v1/dashboard/summary] Status [200] in [10 ms]
2026-07-28 02:25:43.841 [http-nio-8080-exec-5] [SYSTEM] DEBUG c.b.filter.JwtAuthenticationFilter - Authenticating request for user [ghtaerpg@gmail.com] at URI [/api/v1/dashboard/summary]
2026-07-28 02:25:43.842 [http-nio-8080-exec-5] [SYSTEM] DEBUG c.b.filter.JwtAuthenticationFilter - SecurityContext successfully populated with authority [ROLE_CUSTOMER] for user [ghtaerpg@gmail.com]
2026-07-28 02:25:43.842 [http-nio-8080-exec-5] [cc3ae451] INFO  com.bankflow.filter.LoggingFilter - HTTP Request Started: [/api/v1/dashboard/summary] via [GET]
2026-07-28 02:25:43.844 [http-nio-8080-exec-5] [cc3ae451] INFO  c.bankflow.service.DashboardService - Fetching aggregated dashboard summary for user [ghtaerpg@gmail.com]
2026-07-28 02:25:43.845 [http-nio-8080-exec-6] [cdb8742b] INFO  com.bankflow.filter.LoggingFilter - HTTP Response Completed: [GET /api/v1/dashboard/transactions] Status [200] in [5 ms]
2026-07-28 02:25:43.848 [http-nio-8080-exec-5] [cc3ae451] INFO  com.bankflow.filter.LoggingFilter - HTTP Response Completed: [GET /api/v1/dashboard/summary] Status [200] in [6 ms]
2026-07-28 02:25:53.583 [http-nio-8080-exec-9] [SYSTEM] DEBUG c.b.filter.JwtAuthenticationFilter - Authenticating request for user [ghtaerpg@gmail.com] at URI [/api/v1/dashboard/summary]
2026-07-28 02:25:53.583 [http-nio-8080-exec-8] [SYSTEM] DEBUG c.b.filter.JwtAuthenticationFilter - Authenticating request for user [ghtaerpg@gmail.com] at URI [/api/v1/dashboard/transactions]
2026-07-28 02:25:53.586 [http-nio-8080-exec-8] [SYSTEM] DEBUG c.b.filter.JwtAuthenticationFilter - SecurityContext successfully populated with authority [ROLE_CUSTOMER] for user [ghtaerpg@gmail.com]
2026-07-28 02:25:53.586 [http-nio-8080-exec-8] [5fcc767a] INFO  com.bankflow.filter.LoggingFilter - HTTP Request Started: [/api/v1/dashboard/transactions] via [GET]
2026-07-28 02:25:53.587 [http-nio-8080-exec-9] [SYSTEM] DEBUG c.b.filter.JwtAuthenticationFilter - SecurityContext successfully populated with authority [ROLE_CUSTOMER] for user [ghtaerpg@gmail.com]
2026-07-28 02:25:53.587 [http-nio-8080-exec-9] [20a2f596] INFO  com.bankflow.filter.LoggingFilter - HTTP Request Started: [/api/v1/dashboard/summary] via [GET]
2026-07-28 02:25:53.588 [http-nio-8080-exec-9] [20a2f596] INFO  c.bankflow.service.DashboardService - Fetching aggregated dashboard summary for user [ghtaerpg@gmail.com]
2026-07-28 02:25:53.592 [http-nio-8080-exec-8] [5fcc767a] INFO  com.bankflow.filter.LoggingFilter - HTTP Response Completed: [GET /api/v1/dashboard/transactions] Status [200] in [6 ms]
2026-07-28 02:25:53.593 [http-nio-8080-exec-3] [SYSTEM] DEBUG c.b.filter.JwtAuthenticationFilter - Authenticating request for user [ghtaerpg@gmail.com] at URI [/api/v1/dashboard/transactions]
2026-07-28 02:25:53.595 [http-nio-8080-exec-3] [SYSTEM] DEBUG c.b.filter.JwtAuthenticationFilter - SecurityContext successfully populated with authority [ROLE_CUSTOMER] for user [ghtaerpg@gmail.com]
2026-07-28 02:25:53.595 [http-nio-8080-exec-3] [fbc1a3c7] INFO  com.bankflow.filter.LoggingFilter - HTTP Request Started: [/api/v1/dashboard/transactions] via [GET]
2026-07-28 02:25:53.595 [http-nio-8080-exec-9] [20a2f596] INFO  com.bankflow.filter.LoggingFilter - HTTP Response Completed: [GET /api/v1/dashboard/summary] Status [200] in [8 ms]
2026-07-28 02:25:53.595 [http-nio-8080-exec-10] [SYSTEM] DEBUG c.b.filter.JwtAuthenticationFilter - Authenticating request for user [ghtaerpg@gmail.com] at URI [/api/v1/dashboard/summary]
2026-07-28 02:25:53.597 [http-nio-8080-exec-10] [SYSTEM] DEBUG c.b.filter.JwtAuthenticationFilter - SecurityContext successfully populated with authority [ROLE_CUSTOMER] for user [ghtaerpg@gmail.com]
2026-07-28 02:25:53.597 [http-nio-8080-exec-10] [7e0adeb0] INFO  com.bankflow.filter.LoggingFilter - HTTP Request Started: [/api/v1/dashboard/summary] via [GET]
2026-07-28 02:25:53.598 [http-nio-8080-exec-10] [7e0adeb0] INFO  c.bankflow.service.DashboardService - Fetching aggregated dashboard summary for user [ghtaerpg@gmail.com]
2026-07-28 02:25:53.599 [http-nio-8080-exec-3] [fbc1a3c7] INFO  com.bankflow.filter.LoggingFilter - HTTP Response Completed: [GET /api/v1/dashboard/transactions] Status [200] in [4 ms]
2026-07-28 02:25:53.602 [http-nio-8080-exec-10] [7e0adeb0] INFO  com.bankflow.filter.LoggingFilter - HTTP Response Completed: [GET /api/v1/dashboard/summary] Status [200] in [5 ms]
2026-07-28 02:25:54.841 [http-nio-8080-exec-5] [SYSTEM] DEBUG c.b.filter.JwtAuthenticationFilter - Authenticating request for user [ghtaerpg@gmail.com] at URI [/api/v1/dashboard/transactions]
2026-07-28 02:25:54.841 [http-nio-8080-exec-6] [SYSTEM] DEBUG c.b.filter.JwtAuthenticationFilter - Authenticating request for user [ghtaerpg@gmail.com] at URI [/api/v1/dashboard/summary]
2026-07-28 02:25:54.843 [http-nio-8080-exec-6] [SYSTEM] DEBUG c.b.filter.JwtAuthenticationFilter - SecurityContext successfully populated with authority [ROLE_CUSTOMER] for user [ghtaerpg@gmail.com]
2026-07-28 02:25:54.843 [http-nio-8080-exec-5] [SYSTEM] DEBUG c.b.filter.JwtAuthenticationFilter - SecurityContext successfully populated with authority [ROLE_CUSTOMER] for user [ghtaerpg@gmail.com]
2026-07-28 02:25:54.843 [http-nio-8080-exec-6] [4b29398d] INFO  com.bankflow.filter.LoggingFilter - HTTP Request Started: [/api/v1/dashboard/summary] via [GET]
2026-07-28 02:25:54.843 [http-nio-8080-exec-5] [02d0441f] INFO  com.bankflow.filter.LoggingFilter - HTTP Request Started: [/api/v1/dashboard/transactions] via [GET]
2026-07-28 02:25:54.844 [http-nio-8080-exec-6] [4b29398d] INFO  c.bankflow.service.DashboardService - Fetching aggregated dashboard summary for user [ghtaerpg@gmail.com]
2026-07-28 02:25:54.849 [http-nio-8080-exec-5] [02d0441f] INFO  com.bankflow.filter.LoggingFilter - HTTP Response Completed: [GET /api/v1/dashboard/transactions] Status [200] in [6 ms]
2026-07-28 02:25:54.850 [http-nio-8080-exec-1] [SYSTEM] DEBUG c.b.filter.JwtAuthenticationFilter - Authenticating request for user [ghtaerpg@gmail.com] at URI [/api/v1/dashboard/transactions]
2026-07-28 02:25:54.850 [http-nio-8080-exec-6] [4b29398d] INFO  com.bankflow.filter.LoggingFilter - HTTP Response Completed: [GET /api/v1/dashboard/summary] Status [200] in [7 ms]
2026-07-28 02:25:54.851 [http-nio-8080-exec-1] [SYSTEM] DEBUG c.b.filter.JwtAuthenticationFilter - SecurityContext successfully populated with authority [ROLE_CUSTOMER] for user [ghtaerpg@gmail.com]
2026-07-28 02:25:54.851 [http-nio-8080-exec-2] [SYSTEM] DEBUG c.b.filter.JwtAuthenticationFilter - Authenticating request for user [ghtaerpg@gmail.com] at URI [/api/v1/dashboard/summary]
2026-07-28 02:25:54.851 [http-nio-8080-exec-1] [662da4be] INFO  com.bankflow.filter.LoggingFilter - HTTP Request Started: [/api/v1/dashboard/transactions] via [GET]
2026-07-28 02:25:54.852 [http-nio-8080-exec-2] [SYSTEM] DEBUG c.b.filter.JwtAuthenticationFilter - SecurityContext successfully populated with authority [ROLE_CUSTOMER] for user [ghtaerpg@gmail.com]
2026-07-28 02:25:54.852 [http-nio-8080-exec-2] [3500c61b] INFO  com.bankflow.filter.LoggingFilter - HTTP Request Started: [/api/v1/dashboard/summary] via [GET]
2026-07-28 02:25:54.853 [http-nio-8080-exec-2] [3500c61b] INFO  c.bankflow.service.DashboardService - Fetching aggregated dashboard summary for user [ghtaerpg@gmail.com]
2026-07-28 02:25:54.856 [http-nio-8080-exec-1] [662da4be] INFO  com.bankflow.filter.LoggingFilter - HTTP Response Completed: [GET /api/v1/dashboard/transactions] Status [200] in [5 ms]
2026-07-28 02:25:54.858 [http-nio-8080-exec-2] [3500c61b] INFO  com.bankflow.filter.LoggingFilter - HTTP Response Completed: [GET /api/v1/dashboard/summary] Status [200] in [6 ms]
2026-07-28 02:28:21.982 [http-nio-8080-exec-1] [SYSTEM] DEBUG c.b.filter.JwtAuthenticationFilter - Authenticating request for user [ghtaerpg@gmail.com] at URI [/api/v1/dashboard/summary]
2026-07-28 02:28:21.984 [http-nio-8080-exec-2] [SYSTEM] DEBUG c.b.filter.JwtAuthenticationFilter - Authenticating request for user [ghtaerpg@gmail.com] at URI [/api/v1/dashboard/transactions]
2026-07-28 02:28:21.985 [http-nio-8080-exec-1] [SYSTEM] DEBUG c.b.filter.JwtAuthenticationFilter - SecurityContext successfully populated with authority [ROLE_CUSTOMER] for user [ghtaerpg@gmail.com]
2026-07-28 02:28:21.986 [http-nio-8080-exec-1] [acbe4a79] INFO  com.bankflow.filter.LoggingFilter - HTTP Request Started: [/api/v1/dashboard/summary] via [GET]
2026-07-28 02:28:21.986 [http-nio-8080-exec-2] [SYSTEM] DEBUG c.b.filter.JwtAuthenticationFilter - SecurityContext successfully populated with authority [ROLE_CUSTOMER] for user [ghtaerpg@gmail.com]
2026-07-28 02:28:21.986 [http-nio-8080-exec-2] [642fa626] INFO  com.bankflow.filter.LoggingFilter - HTTP Request Started: [/api/v1/dashboard/transactions] via [GET]
2026-07-28 02:28:21.987 [http-nio-8080-exec-1] [acbe4a79] INFO  c.bankflow.service.DashboardService - Fetching aggregated dashboard summary for user [ghtaerpg@gmail.com]
2026-07-28 02:28:21.992 [http-nio-8080-exec-1] [acbe4a79] INFO  com.bankflow.filter.LoggingFilter - HTTP Response Completed: [GET /api/v1/dashboard/summary] Status [200] in [6 ms]
2026-07-28 02:28:21.992 [http-nio-8080-exec-2] [642fa626] INFO  com.bankflow.filter.LoggingFilter - HTTP Response Completed: [GET /api/v1/dashboard/transactions] Status [200] in [6 ms]
2026-07-28 02:28:21.993 [http-nio-8080-exec-4] [SYSTEM] DEBUG c.b.filter.JwtAuthenticationFilter - Authenticating request for user [ghtaerpg@gmail.com] at URI [/api/v1/dashboard/summary]
2026-07-28 02:28:21.993 [http-nio-8080-exec-9] [SYSTEM] DEBUG c.b.filter.JwtAuthenticationFilter - Authenticating request for user [ghtaerpg@gmail.com] at URI [/api/v1/dashboard/transactions]
2026-07-28 02:28:21.994 [http-nio-8080-exec-4] [SYSTEM] DEBUG c.b.filter.JwtAuthenticationFilter - SecurityContext successfully populated with authority [ROLE_CUSTOMER] for user [ghtaerpg@gmail.com]
2026-07-28 02:28:21.994 [http-nio-8080-exec-9] [SYSTEM] DEBUG c.b.filter.JwtAuthenticationFilter - SecurityContext successfully populated with authority [ROLE_CUSTOMER] for user [ghtaerpg@gmail.com]
2026-07-28 02:28:21.994 [http-nio-8080-exec-4] [421987d1] INFO  com.bankflow.filter.LoggingFilter - HTTP Request Started: [/api/v1/dashboard/summary] via [GET]
2026-07-28 02:28:21.994 [http-nio-8080-exec-9] [b21dfa2c] INFO  com.bankflow.filter.LoggingFilter - HTTP Request Started: [/api/v1/dashboard/transactions] via [GET]
2026-07-28 02:28:21.995 [http-nio-8080-exec-4] [421987d1] INFO  c.bankflow.service.DashboardService - Fetching aggregated dashboard summary for user [ghtaerpg@gmail.com]
2026-07-28 02:28:21.998 [http-nio-8080-exec-9] [b21dfa2c] INFO  com.bankflow.filter.LoggingFilter - HTTP Response Completed: [GET /api/v1/dashboard/transactions] Status [200] in [4 ms]
2026-07-28 02:28:21.999 [http-nio-8080-exec-4] [421987d1] INFO  com.bankflow.filter.LoggingFilter - HTTP Response Completed: [GET /api/v1/dashboard/summary] Status [200] in [5 ms]
2026-07-28 02:29:50.568 [http-nio-8080-exec-10] [0d5dfc7b] INFO  com.bankflow.filter.LoggingFilter - HTTP Request Started: [/v3/api-docs?_=1785185990561] via [GET]
2026-07-28 02:29:50.576 [http-nio-8080-exec-10] [0d5dfc7b] INFO  com.bankflow.filter.LoggingFilter - HTTP Response Completed: [GET /v3/api-docs] Status [200] in [8 ms]
2026-07-28 02:32:35.029 [http-nio-8080-exec-1] [SYSTEM] DEBUG c.b.filter.JwtAuthenticationFilter - Authenticating request for user [ghtaerpg@gmail.com] at URI [/api/v1/dashboard/summary]
2026-07-28 02:32:35.031 [http-nio-8080-exec-1] [SYSTEM] DEBUG c.b.filter.JwtAuthenticationFilter - SecurityContext successfully populated with authority [ROLE_CUSTOMER] for user [ghtaerpg@gmail.com]
2026-07-28 02:32:35.031 [http-nio-8080-exec-1] [922481d6] INFO  com.bankflow.filter.LoggingFilter - HTTP Request Started: [/api/v1/dashboard/summary] via [GET]
2026-07-28 02:32:35.032 [http-nio-8080-exec-1] [922481d6] INFO  c.bankflow.service.DashboardService - Fetching aggregated dashboard summary for user [ghtaerpg@gmail.com]
2026-07-28 02:32:35.039 [http-nio-8080-exec-1] [922481d6] INFO  com.bankflow.filter.LoggingFilter - HTTP Response Completed: [GET /api/v1/dashboard/summary] Status [200] in [8 ms]
2026-07-28 02:32:35.042 [http-nio-8080-exec-2] [SYSTEM] DEBUG c.b.filter.JwtAuthenticationFilter - Authenticating request for user [ghtaerpg@gmail.com] at URI [/api/v1/dashboard/summary]
2026-07-28 02:32:35.045 [http-nio-8080-exec-2] [SYSTEM] DEBUG c.b.filter.JwtAuthenticationFilter - SecurityContext successfully populated with authority [ROLE_CUSTOMER] for user [ghtaerpg@gmail.com]
2026-07-28 02:32:35.045 [http-nio-8080-exec-2] [df32c7f0] INFO  com.bankflow.filter.LoggingFilter - HTTP Request Started: [/api/v1/dashboard/summary] via [GET]
2026-07-28 02:32:35.046 [http-nio-8080-exec-2] [df32c7f0] INFO  c.bankflow.service.DashboardService - Fetching aggregated dashboard summary for user [ghtaerpg@gmail.com]
2026-07-28 02:32:35.053 [http-nio-8080-exec-2] [df32c7f0] INFO  com.bankflow.filter.LoggingFilter - HTTP Response Completed: [GET /api/v1/dashboard/summary] Status [200] in [8 ms]
2026-07-28 02:32:35.097 [http-nio-8080-exec-9] [SYSTEM] DEBUG c.b.filter.JwtAuthenticationFilter - Authenticating request for user [ghtaerpg@gmail.com] at URI [/api/v1/dashboard/summary]
2026-07-28 02:32:35.099 [http-nio-8080-exec-9] [SYSTEM] DEBUG c.b.filter.JwtAuthenticationFilter - SecurityContext successfully populated with authority [ROLE_CUSTOMER] for user [ghtaerpg@gmail.com]
2026-07-28 02:32:35.099 [http-nio-8080-exec-9] [46b0bec0] INFO  com.bankflow.filter.LoggingFilter - HTTP Request Started: [/api/v1/dashboard/summary] via [GET]
2026-07-28 02:32:35.100 [http-nio-8080-exec-9] [46b0bec0] INFO  c.bankflow.service.DashboardService - Fetching aggregated dashboard summary for user [ghtaerpg@gmail.com]
2026-07-28 02:32:35.107 [http-nio-8080-exec-9] [46b0bec0] INFO  com.bankflow.filter.LoggingFilter - HTTP Response Completed: [GET /api/v1/dashboard/summary] Status [200] in [8 ms]
2026-07-28 02:32:35.452 [http-nio-8080-exec-4] [SYSTEM] DEBUG c.b.filter.JwtAuthenticationFilter - Authenticating request for user [ghtaerpg@gmail.com] at URI [/api/v1/dashboard/summary]
2026-07-28 02:32:35.454 [http-nio-8080-exec-4] [SYSTEM] DEBUG c.b.filter.JwtAuthenticationFilter - SecurityContext successfully populated with authority [ROLE_CUSTOMER] for user [ghtaerpg@gmail.com]
2026-07-28 02:32:35.455 [http-nio-8080-exec-4] [c18a46bc] INFO  com.bankflow.filter.LoggingFilter - HTTP Request Started: [/api/v1/dashboard/summary] via [GET]
2026-07-28 02:32:35.456 [http-nio-8080-exec-4] [c18a46bc] INFO  c.bankflow.service.DashboardService - Fetching aggregated dashboard summary for user [ghtaerpg@gmail.com]
2026-07-28 02:32:35.462 [http-nio-8080-exec-4] [c18a46bc] INFO  com.bankflow.filter.LoggingFilter - HTTP Response Completed: [GET /api/v1/dashboard/summary] Status [200] in [7 ms]
2026-07-28 02:35:07.620 [http-nio-8080-exec-7] [SYSTEM] DEBUG c.b.filter.JwtAuthenticationFilter - Authenticating request for user [ghtaerpg@gmail.com] at URI [/api/v1/dashboard/summary]
2026-07-28 02:35:07.623 [http-nio-8080-exec-7] [SYSTEM] DEBUG c.b.filter.JwtAuthenticationFilter - SecurityContext successfully populated with authority [ROLE_CUSTOMER] for user [ghtaerpg@gmail.com]
2026-07-28 02:35:07.623 [http-nio-8080-exec-7] [ba6463e4] INFO  com.bankflow.filter.LoggingFilter - HTTP Request Started: [/api/v1/dashboard/summary] via [GET]
2026-07-28 02:35:07.625 [http-nio-8080-exec-7] [ba6463e4] INFO  c.bankflow.service.DashboardService - Fetching aggregated dashboard summary for user [ghtaerpg@gmail.com]
2026-07-28 02:35:07.628 [http-nio-8080-exec-7] [ba6463e4] INFO  com.bankflow.filter.LoggingFilter - HTTP Response Completed: [GET /api/v1/dashboard/summary] Status [200] in [5 ms]
2026-07-28 02:38:21.767 [http-nio-8080-exec-3] [SYSTEM] DEBUG c.b.filter.JwtAuthenticationFilter - Authenticating request for user [ghtaerpg@gmail.com] at URI [/api/v1/dashboard/summary]
2026-07-28 02:38:21.769 [http-nio-8080-exec-3] [SYSTEM] DEBUG c.b.filter.JwtAuthenticationFilter - SecurityContext successfully populated with authority [ROLE_CUSTOMER] for user [ghtaerpg@gmail.com]
2026-07-28 02:38:21.769 [http-nio-8080-exec-3] [6a16b772] INFO  com.bankflow.filter.LoggingFilter - HTTP Request Started: [/api/v1/dashboard/summary] via [GET]
2026-07-28 02:38:21.770 [http-nio-8080-exec-3] [6a16b772] INFO  c.bankflow.service.DashboardService - Fetching aggregated dashboard summary for user [ghtaerpg@gmail.com]
2026-07-28 02:38:21.774 [http-nio-8080-exec-3] [6a16b772] INFO  com.bankflow.filter.LoggingFilter - HTTP Response Completed: [GET /api/v1/dashboard/summary] Status [200] in [5 ms]
2026-07-28 02:38:21.778 [http-nio-8080-exec-6] [SYSTEM] DEBUG c.b.filter.JwtAuthenticationFilter - Authenticating request for user [ghtaerpg@gmail.com] at URI [/api/v1/dashboard/summary]
2026-07-28 02:38:21.780 [http-nio-8080-exec-6] [SYSTEM] DEBUG c.b.filter.JwtAuthenticationFilter - SecurityContext successfully populated with authority [ROLE_CUSTOMER] for user [ghtaerpg@gmail.com]
2026-07-28 02:38:21.780 [http-nio-8080-exec-6] [be8f7e1c] INFO  com.bankflow.filter.LoggingFilter - HTTP Request Started: [/api/v1/dashboard/summary] via [GET]
2026-07-28 02:38:21.781 [http-nio-8080-exec-6] [be8f7e1c] INFO  c.bankflow.service.DashboardService - Fetching aggregated dashboard summary for user [ghtaerpg@gmail.com]
2026-07-28 02:38:21.785 [http-nio-8080-exec-6] [be8f7e1c] INFO  com.bankflow.filter.LoggingFilter - HTTP Response Completed: [GET /api/v1/dashboard/summary] Status [200] in [5 ms]
2026-07-28 02:38:26.834 [http-nio-8080-exec-8] [SYSTEM] DEBUG c.b.filter.JwtAuthenticationFilter - Authenticating request for user [ghtaerpg@gmail.com] at URI [/api/v1/dashboard/summary]
2026-07-28 02:38:26.837 [http-nio-8080-exec-8] [SYSTEM] DEBUG c.b.filter.JwtAuthenticationFilter - SecurityContext successfully populated with authority [ROLE_CUSTOMER] for user [ghtaerpg@gmail.com]
2026-07-28 02:38:26.838 [http-nio-8080-exec-8] [21a58f0a] INFO  com.bankflow.filter.LoggingFilter - HTTP Request Started: [/api/v1/dashboard/summary] via [GET]
2026-07-28 02:38:26.839 [http-nio-8080-exec-8] [21a58f0a] INFO  c.bankflow.service.DashboardService - Fetching aggregated dashboard summary for user [ghtaerpg@gmail.com]
2026-07-28 02:38:26.848 [http-nio-8080-exec-8] [21a58f0a] INFO  com.bankflow.filter.LoggingFilter - HTTP Response Completed: [GET /api/v1/dashboard/summary] Status [200] in [10 ms]
2026-07-28 02:38:26.850 [http-nio-8080-exec-10] [SYSTEM] DEBUG c.b.filter.JwtAuthenticationFilter - Authenticating request for user [ghtaerpg@gmail.com] at URI [/api/v1/dashboard/summary]
2026-07-28 02:38:26.853 [http-nio-8080-exec-10] [SYSTEM] DEBUG c.b.filter.JwtAuthenticationFilter - SecurityContext successfully populated with authority [ROLE_CUSTOMER] for user [ghtaerpg@gmail.com]
2026-07-28 02:38:26.853 [http-nio-8080-exec-10] [b221ee30] INFO  com.bankflow.filter.LoggingFilter - HTTP Request Started: [/api/v1/dashboard/summary] via [GET]
2026-07-28 02:38:26.855 [http-nio-8080-exec-10] [b221ee30] INFO  c.bankflow.service.DashboardService - Fetching aggregated dashboard summary for user [ghtaerpg@gmail.com]
2026-07-28 02:38:26.860 [http-nio-8080-exec-10] [b221ee30] INFO  com.bankflow.filter.LoggingFilter - HTTP Response Completed: [GET /api/v1/dashboard/summary] Status [200] in [7 ms]
2026-07-28 02:38:27.329 [http-nio-8080-exec-5] [SYSTEM] DEBUG c.b.filter.JwtAuthenticationFilter - Authenticating request for user [ghtaerpg@gmail.com] at URI [/api/v1/dashboard/summary]
2026-07-28 02:38:27.331 [http-nio-8080-exec-5] [SYSTEM] DEBUG c.b.filter.JwtAuthenticationFilter - SecurityContext successfully populated with authority [ROLE_CUSTOMER] for user [ghtaerpg@gmail.com]
2026-07-28 02:38:27.331 [http-nio-8080-exec-5] [26d2a880] INFO  com.bankflow.filter.LoggingFilter - HTTP Request Started: [/api/v1/dashboard/summary] via [GET]
2026-07-28 02:38:27.332 [http-nio-8080-exec-5] [26d2a880] INFO  c.bankflow.service.DashboardService - Fetching aggregated dashboard summary for user [ghtaerpg@gmail.com]
2026-07-28 02:38:27.338 [http-nio-8080-exec-5] [26d2a880] INFO  com.bankflow.filter.LoggingFilter - HTTP Response Completed: [GET /api/v1/dashboard/summary] Status [200] in [7 ms]
2026-07-28 02:38:27.340 [http-nio-8080-exec-1] [SYSTEM] DEBUG c.b.filter.JwtAuthenticationFilter - Authenticating request for user [ghtaerpg@gmail.com] at URI [/api/v1/dashboard/summary]
2026-07-28 02:38:27.342 [http-nio-8080-exec-1] [SYSTEM] DEBUG c.b.filter.JwtAuthenticationFilter - SecurityContext successfully populated with authority [ROLE_CUSTOMER] for user [ghtaerpg@gmail.com]
2026-07-28 02:38:27.342 [http-nio-8080-exec-1] [ce103989] INFO  com.bankflow.filter.LoggingFilter - HTTP Request Started: [/api/v1/dashboard/summary] via [GET]
2026-07-28 02:38:27.343 [http-nio-8080-exec-1] [ce103989] INFO  c.bankflow.service.DashboardService - Fetching aggregated dashboard summary for user [ghtaerpg@gmail.com]
2026-07-28 02:38:27.348 [http-nio-8080-exec-1] [ce103989] INFO  com.bankflow.filter.LoggingFilter - HTTP Response Completed: [GET /api/v1/dashboard/summary] Status [200] in [6 ms]
2026-07-28 02:38:27.547 [http-nio-8080-exec-2] [SYSTEM] DEBUG c.b.filter.JwtAuthenticationFilter - Authenticating request for user [ghtaerpg@gmail.com] at URI [/api/v1/dashboard/summary]
2026-07-28 02:38:27.549 [http-nio-8080-exec-2] [SYSTEM] DEBUG c.b.filter.JwtAuthenticationFilter - SecurityContext successfully populated with authority [ROLE_CUSTOMER] for user [ghtaerpg@gmail.com]
2026-07-28 02:38:27.549 [http-nio-8080-exec-2] [074170e4] INFO  com.bankflow.filter.LoggingFilter - HTTP Request Started: [/api/v1/dashboard/summary] via [GET]
2026-07-28 02:38:27.550 [http-nio-8080-exec-2] [074170e4] INFO  c.bankflow.service.DashboardService - Fetching aggregated dashboard summary for user [ghtaerpg@gmail.com]
2026-07-28 02:38:27.556 [http-nio-8080-exec-2] [074170e4] INFO  com.bankflow.filter.LoggingFilter - HTTP Response Completed: [GET /api/v1/dashboard/summary] Status [200] in [7 ms]
2026-07-28 02:38:27.559 [http-nio-8080-exec-9] [SYSTEM] DEBUG c.b.filter.JwtAuthenticationFilter - Authenticating request for user [ghtaerpg@gmail.com] at URI [/api/v1/dashboard/summary]
2026-07-28 02:38:27.560 [http-nio-8080-exec-9] [SYSTEM] DEBUG c.b.filter.JwtAuthenticationFilter - SecurityContext successfully populated with authority [ROLE_CUSTOMER] for user [ghtaerpg@gmail.com]
2026-07-28 02:38:27.560 [http-nio-8080-exec-9] [7dca0d1e] INFO  com.bankflow.filter.LoggingFilter - HTTP Request Started: [/api/v1/dashboard/summary] via [GET]
2026-07-28 02:38:27.561 [http-nio-8080-exec-9] [7dca0d1e] INFO  c.bankflow.service.DashboardService - Fetching aggregated dashboard summary for user [ghtaerpg@gmail.com]
2026-07-28 02:38:27.566 [http-nio-8080-exec-9] [7dca0d1e] INFO  com.bankflow.filter.LoggingFilter - HTTP Response Completed: [GET /api/v1/dashboard/summary] Status [200] in [6 ms]
2026-07-28 02:38:27.752 [http-nio-8080-exec-4] [SYSTEM] DEBUG c.b.filter.JwtAuthenticationFilter - Authenticating request for user [ghtaerpg@gmail.com] at URI [/api/v1/dashboard/summary]
2026-07-28 02:38:27.753 [http-nio-8080-exec-4] [SYSTEM] DEBUG c.b.filter.JwtAuthenticationFilter - SecurityContext successfully populated with authority [ROLE_CUSTOMER] for user [ghtaerpg@gmail.com]
2026-07-28 02:38:27.753 [http-nio-8080-exec-4] [f56ed0cb] INFO  com.bankflow.filter.LoggingFilter - HTTP Request Started: [/api/v1/dashboard/summary] via [GET]
2026-07-28 02:38:27.755 [http-nio-8080-exec-4] [f56ed0cb] INFO  c.bankflow.service.DashboardService - Fetching aggregated dashboard summary for user [ghtaerpg@gmail.com]
2026-07-28 02:38:27.759 [http-nio-8080-exec-4] [f56ed0cb] INFO  com.bankflow.filter.LoggingFilter - HTTP Response Completed: [GET /api/v1/dashboard/summary] Status [200] in [6 ms]
2026-07-28 02:38:27.761 [http-nio-8080-exec-7] [SYSTEM] DEBUG c.b.filter.JwtAuthenticationFilter - Authenticating request for user [ghtaerpg@gmail.com] at URI [/api/v1/dashboard/summary]
2026-07-28 02:38:27.762 [http-nio-8080-exec-7] [SYSTEM] DEBUG c.b.filter.JwtAuthenticationFilter - SecurityContext successfully populated with authority [ROLE_CUSTOMER] for user [ghtaerpg@gmail.com]
2026-07-28 02:38:27.762 [http-nio-8080-exec-7] [396113aa] INFO  com.bankflow.filter.LoggingFilter - HTTP Request Started: [/api/v1/dashboard/summary] via [GET]
2026-07-28 02:38:27.763 [http-nio-8080-exec-7] [396113aa] INFO  c.bankflow.service.DashboardService - Fetching aggregated dashboard summary for user [ghtaerpg@gmail.com]
2026-07-28 02:38:27.767 [http-nio-8080-exec-7] [396113aa] INFO  com.bankflow.filter.LoggingFilter - HTTP Response Completed: [GET /api/v1/dashboard/summary] Status [200] in [5 ms]
2026-07-28 02:38:27.968 [http-nio-8080-exec-3] [SYSTEM] DEBUG c.b.filter.JwtAuthenticationFilter - Authenticating request for user [ghtaerpg@gmail.com] at URI [/api/v1/dashboard/summary]
2026-07-28 02:38:27.969 [http-nio-8080-exec-3] [SYSTEM] DEBUG c.b.filter.JwtAuthenticationFilter - SecurityContext successfully populated with authority [ROLE_CUSTOMER] for user [ghtaerpg@gmail.com]
2026-07-28 02:38:27.969 [http-nio-8080-exec-3] [665698ea] INFO  com.bankflow.filter.LoggingFilter - HTTP Request Started: [/api/v1/dashboard/summary] via [GET]
2026-07-28 02:38:27.970 [http-nio-8080-exec-3] [665698ea] INFO  c.bankflow.service.DashboardService - Fetching aggregated dashboard summary for user [ghtaerpg@gmail.com]
2026-07-28 02:38:27.975 [http-nio-8080-exec-3] [665698ea] INFO  com.bankflow.filter.LoggingFilter - HTTP Response Completed: [GET /api/v1/dashboard/summary] Status [200] in [6 ms]
2026-07-28 02:38:27.977 [http-nio-8080-exec-6] [SYSTEM] DEBUG c.b.filter.JwtAuthenticationFilter - Authenticating request for user [ghtaerpg@gmail.com] at URI [/api/v1/dashboard/summary]
2026-07-28 02:38:27.978 [http-nio-8080-exec-6] [SYSTEM] DEBUG c.b.filter.JwtAuthenticationFilter - SecurityContext successfully populated with authority [ROLE_CUSTOMER] for user [ghtaerpg@gmail.com]
2026-07-28 02:38:27.978 [http-nio-8080-exec-6] [2d3ad50c] INFO  com.bankflow.filter.LoggingFilter - HTTP Request Started: [/api/v1/dashboard/summary] via [GET]
2026-07-28 02:38:27.979 [http-nio-8080-exec-6] [2d3ad50c] INFO  c.bankflow.service.DashboardService - Fetching aggregated dashboard summary for user [ghtaerpg@gmail.com]
2026-07-28 02:38:27.984 [http-nio-8080-exec-6] [2d3ad50c] INFO  com.bankflow.filter.LoggingFilter - HTTP Response Completed: [GET /api/v1/dashboard/summary] Status [200] in [6 ms]
2026-07-28 02:38:28.172 [http-nio-8080-exec-8] [SYSTEM] DEBUG c.b.filter.JwtAuthenticationFilter - Authenticating request for user [ghtaerpg@gmail.com] at URI [/api/v1/dashboard/summary]
2026-07-28 02:38:28.173 [http-nio-8080-exec-8] [SYSTEM] DEBUG c.b.filter.JwtAuthenticationFilter - SecurityContext successfully populated with authority [ROLE_CUSTOMER] for user [ghtaerpg@gmail.com]
2026-07-28 02:38:28.173 [http-nio-8080-exec-8] [79f39625] INFO  com.bankflow.filter.LoggingFilter - HTTP Request Started: [/api/v1/dashboard/summary] via [GET]
2026-07-28 02:38:28.173 [http-nio-8080-exec-8] [79f39625] INFO  c.bankflow.service.DashboardService - Fetching aggregated dashboard summary for user [ghtaerpg@gmail.com]
2026-07-28 02:38:28.181 [http-nio-8080-exec-8] [79f39625] INFO  com.bankflow.filter.LoggingFilter - HTTP Response Completed: [GET /api/v1/dashboard/summary] Status [200] in [8 ms]
2026-07-28 02:38:28.184 [http-nio-8080-exec-10] [SYSTEM] DEBUG c.b.filter.JwtAuthenticationFilter - Authenticating request for user [ghtaerpg@gmail.com] at URI [/api/v1/dashboard/summary]
2026-07-28 02:38:28.185 [http-nio-8080-exec-10] [SYSTEM] DEBUG c.b.filter.JwtAuthenticationFilter - SecurityContext successfully populated with authority [ROLE_CUSTOMER] for user [ghtaerpg@gmail.com]
2026-07-28 02:38:28.185 [http-nio-8080-exec-10] [0870fe50] INFO  com.bankflow.filter.LoggingFilter - HTTP Request Started: [/api/v1/dashboard/summary] via [GET]
2026-07-28 02:38:28.186 [http-nio-8080-exec-10] [0870fe50] INFO  c.bankflow.service.DashboardService - Fetching aggregated dashboard summary for user [ghtaerpg@gmail.com]
2026-07-28 02:38:28.191 [http-nio-8080-exec-10] [0870fe50] INFO  com.bankflow.filter.LoggingFilter - HTTP Response Completed: [GET /api/v1/dashboard/summary] Status [200] in [6 ms]
2026-07-28 02:38:29.125 [http-nio-8080-exec-5] [SYSTEM] DEBUG c.b.filter.JwtAuthenticationFilter - Authenticating request for user [ghtaerpg@gmail.com] at URI [/api/v1/dashboard/summary]
2026-07-28 02:38:29.127 [http-nio-8080-exec-5] [SYSTEM] DEBUG c.b.filter.JwtAuthenticationFilter - SecurityContext successfully populated with authority [ROLE_CUSTOMER] for user [ghtaerpg@gmail.com]
2026-07-28 02:38:29.127 [http-nio-8080-exec-5] [aea606ca] INFO  com.bankflow.filter.LoggingFilter - HTTP Request Started: [/api/v1/dashboard/summary] via [GET]
2026-07-28 02:38:29.129 [http-nio-8080-exec-5] [aea606ca] INFO  c.bankflow.service.DashboardService - Fetching aggregated dashboard summary for user [ghtaerpg@gmail.com]
2026-07-28 02:38:29.133 [http-nio-8080-exec-5] [aea606ca] INFO  com.bankflow.filter.LoggingFilter - HTTP Response Completed: [GET /api/v1/dashboard/summary] Status [200] in [6 ms]
2026-07-28 02:38:29.135 [http-nio-8080-exec-1] [SYSTEM] DEBUG c.b.filter.JwtAuthenticationFilter - Authenticating request for user [ghtaerpg@gmail.com] at URI [/api/v1/dashboard/summary]
2026-07-28 02:38:29.136 [http-nio-8080-exec-1] [SYSTEM] DEBUG c.b.filter.JwtAuthenticationFilter - SecurityContext successfully populated with authority [ROLE_CUSTOMER] for user [ghtaerpg@gmail.com]
2026-07-28 02:38:29.136 [http-nio-8080-exec-1] [00b9e0e5] INFO  com.bankflow.filter.LoggingFilter - HTTP Request Started: [/api/v1/dashboard/summary] via [GET]
2026-07-28 02:38:29.137 [http-nio-8080-exec-1] [00b9e0e5] INFO  c.bankflow.service.DashboardService - Fetching aggregated dashboard summary for user [ghtaerpg@gmail.com]
2026-07-28 02:38:29.141 [http-nio-8080-exec-1] [00b9e0e5] INFO  com.bankflow.filter.LoggingFilter - HTTP Response Completed: [GET /api/v1/dashboard/summary] Status [200] in [5 ms]
2026-07-28 02:38:30.547 [http-nio-8080-exec-2] [SYSTEM] DEBUG c.b.filter.JwtAuthenticationFilter - Authenticating request for user [ghtaerpg@gmail.com] at URI [/api/v1/dashboard/summary]
2026-07-28 02:38:30.548 [http-nio-8080-exec-2] [SYSTEM] DEBUG c.b.filter.JwtAuthenticationFilter - SecurityContext successfully populated with authority [ROLE_CUSTOMER] for user [ghtaerpg@gmail.com]
2026-07-28 02:38:30.548 [http-nio-8080-exec-2] [83ed1242] INFO  com.bankflow.filter.LoggingFilter - HTTP Request Started: [/api/v1/dashboard/summary] via [GET]
2026-07-28 02:38:30.549 [http-nio-8080-exec-2] [83ed1242] INFO  c.bankflow.service.DashboardService - Fetching aggregated dashboard summary for user [ghtaerpg@gmail.com]
2026-07-28 02:38:30.554 [http-nio-8080-exec-2] [83ed1242] INFO  com.bankflow.filter.LoggingFilter - HTTP Response Completed: [GET /api/v1/dashboard/summary] Status [200] in [6 ms]
2026-07-28 02:38:30.556 [http-nio-8080-exec-9] [SYSTEM] DEBUG c.b.filter.JwtAuthenticationFilter - Authenticating request for user [ghtaerpg@gmail.com] at URI [/api/v1/dashboard/summary]
2026-07-28 02:38:30.557 [http-nio-8080-exec-9] [SYSTEM] DEBUG c.b.filter.JwtAuthenticationFilter - SecurityContext successfully populated with authority [ROLE_CUSTOMER] for user [ghtaerpg@gmail.com]
2026-07-28 02:38:30.557 [http-nio-8080-exec-9] [c5c49254] INFO  com.bankflow.filter.LoggingFilter - HTTP Request Started: [/api/v1/dashboard/summary] via [GET]
2026-07-28 02:38:30.559 [http-nio-8080-exec-9] [c5c49254] INFO  c.bankflow.service.DashboardService - Fetching aggregated dashboard summary for user [ghtaerpg@gmail.com]
2026-07-28 02:38:30.564 [http-nio-8080-exec-9] [c5c49254] INFO  com.bankflow.filter.LoggingFilter - HTTP Response Completed: [GET /api/v1/dashboard/summary] Status [200] in [7 ms]
2026-07-28 02:38:44.093 [http-nio-8080-exec-4] [SYSTEM] DEBUG c.b.filter.JwtAuthenticationFilter - Authenticating request for user [ghtaerpg@gmail.com] at URI [/api/v1/dashboard/summary]
2026-07-28 02:38:44.095 [http-nio-8080-exec-4] [SYSTEM] DEBUG c.b.filter.JwtAuthenticationFilter - SecurityContext successfully populated with authority [ROLE_CUSTOMER] for user [ghtaerpg@gmail.com]
2026-07-28 02:38:44.095 [http-nio-8080-exec-4] [d452c795] INFO  com.bankflow.filter.LoggingFilter - HTTP Request Started: [/api/v1/dashboard/summary] via [GET]
2026-07-28 02:38:44.099 [http-nio-8080-exec-4] [d452c795] INFO  c.bankflow.service.DashboardService - Fetching aggregated dashboard summary for user [ghtaerpg@gmail.com]
2026-07-28 02:38:44.105 [http-nio-8080-exec-4] [d452c795] INFO  com.bankflow.filter.LoggingFilter - HTTP Response Completed: [GET /api/v1/dashboard/summary] Status [200] in [10 ms]
2026-07-28 02:38:44.109 [http-nio-8080-exec-7] [SYSTEM] DEBUG c.b.filter.JwtAuthenticationFilter - Authenticating request for user [ghtaerpg@gmail.com] at URI [/api/v1/dashboard/summary]
2026-07-28 02:38:44.110 [http-nio-8080-exec-7] [SYSTEM] DEBUG c.b.filter.JwtAuthenticationFilter - SecurityContext successfully populated with authority [ROLE_CUSTOMER] for user [ghtaerpg@gmail.com]
2026-07-28 02:38:44.111 [http-nio-8080-exec-7] [58992019] INFO  com.bankflow.filter.LoggingFilter - HTTP Request Started: [/api/v1/dashboard/summary] via [GET]
2026-07-28 02:38:44.112 [http-nio-8080-exec-7] [58992019] INFO  c.bankflow.service.DashboardService - Fetching aggregated dashboard summary for user [ghtaerpg@gmail.com]
2026-07-28 02:38:44.116 [http-nio-8080-exec-7] [58992019] INFO  com.bankflow.filter.LoggingFilter - HTTP Response Completed: [GET /api/v1/dashboard/summary] Status [200] in [5 ms]
2026-07-28 02:38:57.447 [http-nio-8080-exec-3] [SYSTEM] DEBUG c.b.filter.JwtAuthenticationFilter - Authenticating request for user [ghtaerpg@gmail.com] at URI [/api/v1/dashboard/summary]
2026-07-28 02:38:57.448 [http-nio-8080-exec-3] [SYSTEM] DEBUG c.b.filter.JwtAuthenticationFilter - SecurityContext successfully populated with authority [ROLE_CUSTOMER] for user [ghtaerpg@gmail.com]
2026-07-28 02:38:57.449 [http-nio-8080-exec-3] [0e43b466] INFO  com.bankflow.filter.LoggingFilter - HTTP Request Started: [/api/v1/dashboard/summary] via [GET]
2026-07-28 02:38:57.450 [http-nio-8080-exec-3] [0e43b466] INFO  c.bankflow.service.DashboardService - Fetching aggregated dashboard summary for user [ghtaerpg@gmail.com]
2026-07-28 02:38:57.454 [http-nio-8080-exec-3] [0e43b466] INFO  com.bankflow.filter.LoggingFilter - HTTP Response Completed: [GET /api/v1/dashboard/summary] Status [200] in [5 ms]
2026-07-28 02:38:57.457 [http-nio-8080-exec-6] [SYSTEM] DEBUG c.b.filter.JwtAuthenticationFilter - Authenticating request for user [ghtaerpg@gmail.com] at URI [/api/v1/dashboard/summary]
2026-07-28 02:38:57.459 [http-nio-8080-exec-6] [SYSTEM] DEBUG c.b.filter.JwtAuthenticationFilter - SecurityContext successfully populated with authority [ROLE_CUSTOMER] for user [ghtaerpg@gmail.com]
2026-07-28 02:38:57.459 [http-nio-8080-exec-6] [068dd007] INFO  com.bankflow.filter.LoggingFilter - HTTP Request Started: [/api/v1/dashboard/summary] via [GET]
2026-07-28 02:38:57.461 [http-nio-8080-exec-6] [068dd007] INFO  c.bankflow.service.DashboardService - Fetching aggregated dashboard summary for user [ghtaerpg@gmail.com]
2026-07-28 02:38:57.465 [http-nio-8080-exec-6] [068dd007] INFO  com.bankflow.filter.LoggingFilter - HTTP Response Completed: [GET /api/v1/dashboard/summary] Status [200] in [6 ms]
2026-07-28 02:39:50.579 [http-nio-8080-exec-8] [cdee3035] INFO  com.bankflow.filter.LoggingFilter - HTTP Request Started: [/v3/api-docs?_=1785186590572] via [GET]
2026-07-28 02:39:50.588 [http-nio-8080-exec-8] [cdee3035] INFO  com.bankflow.filter.LoggingFilter - HTTP Response Completed: [GET /v3/api-docs] Status [200] in [9 ms]
